id,name,category,utility,mass_kg,reliability,seed
1,Tent,Shelter,100,2.7,0.932,1400
2,Tarp,Shelter,90,0.46,0.959,1400
3,Bivy,Shelter,39,0.76,0.984,1400
4,Groundsheet,Shelter,36,2.57,0.824,1400
5,Tent_repair_kit,Shelter,97,2.96,0.82,1400
6,Stakes,Shelter,97,1.57,0.976,1400
7,Sleeping_bag,Sleep,72,3.35,0.931,1400
8,Sleeping_mat,Sleep,90,1.09,0.91,1400
9,Liner,Sleep,86,3.74,0.845,1400
10,Blanket,Sleep,97,3.72,0.808,1400
11,Pillow,Sleep,76,0.79,0.85,1400
12,Emergency_bag,Sleep,53,2.65,0.971,1400
13,Map,Navigation,82,2.73,0.942,1400
14,Compass,Navigation,45,3.04,0.898,1400
15,GPS_navigator,Navigation,38,1.79,0.846,1400
16,Satellite_beacon,Navigation,61,3.9,0.868,1400
17,Headlamp,Navigation,58,2.59,0.851,1400
18,Batteries,Navigation,32,1.19,0.91,1400
19,Gas_stove,Cooking,76,1.88,0.959,1400
20,Fuel,Cooking,85,1.5,0.867,1400
21,Pot,Cooking,76,0.37,0.923,1400
22,Water_filter,Cooking,69,0.71,0.888,1400
23,Flask,Cooking,93,0.78,0.984,1400
24,Utensils,Cooking,76,2.79,0.901,1400
25,First_aid_kit,Medical,27,2.09,0.844,1400
26,Medicines,Medical,48,0.45,0.967,1400
27,Bandages,Medical,56,1.12,0.909,1400
28,Antiseptic,Medical,81,1.0,0.876,1400
29,Splint,Medical,76,0.94,0.97,1400
30,Thermal_blanket,Medical,52,1.88,0.847,1400
