configuration,solution_type,utility,mass_kg,reliability_percent,balanced_score,equipment,individual
nsga_uniform,lightest,322.0,3.2600000000000002,66.20748644965,0.5625608721448282,Tarp|Pillow|Batteries|Pot|Medicines,0|1|0|0|0|0|0|0|0|0|1|0|0|0|0|0|0|1|0|0|1|0|0|0|0|1|0|0|0|0
nsga_uniform,most_useful,1415.0,24.88,98.13478651827708,0.557236626895549,Tent|Tarp|Bivy|Tent_repair_kit|Stakes|Sleeping_mat|Pillow|Map|Batteries|Gas_stove|Fuel|Pot|Water_filter|Flask|Medicines|Bandages|Antiseptic|Splint|Thermal_blanket,1|1|1|0|1|1|0|1|0|0|1|0|1|0|0|0|0|1|1|1|1|1|1|0|0|1|1|1|1|1
nsga_uniform,most_reliable,1230.0,24.840000000000003,99.97290473327793,0.5340197599636395,Tarp|Bivy|Stakes|Sleeping_bag|Sleeping_mat|Pillow|Emergency_bag|Map|GPS_navigator|Headlamp|Batteries|Fuel|Pot|Water_filter|Flask|Medicines|Bandages|Splint,0|1|1|0|0|1|1|1|0|0|1|1|1|0|1|0|1|1|0|1|1|1|1|0|0|1|1|0|1|0
nsga_uniform,balanced,808.0,10.33,97.19354594518906,0.6500694425563149,Tarp|Bivy|Sleeping_mat|Pillow|GPS_navigator|Batteries|Pot|Water_filter|Flask|Medicines|Antiseptic|Splint,0|1|1|0|0|0|0|1|0|0|1|0|0|0|1|0|0|1|0|0|1|1|1|0|0|1|0|1|1|0
nsga_one_point,lightest,322.0,3.2600000000000002,66.20748644965,0.5625608721448282,Tarp|Pillow|Batteries|Pot|Medicines,0|1|0|0|0|0|0|0|0|0|1|0|0|0|0|0|0|1|0|0|1|0|0|0|0|1|0|0|0|0
nsga_one_point,most_useful,1415.0,24.88,98.13478651827708,0.557236626895549,Tent|Tarp|Bivy|Tent_repair_kit|Stakes|Sleeping_mat|Pillow|Map|Batteries|Gas_stove|Fuel|Pot|Water_filter|Flask|Medicines|Bandages|Antiseptic|Splint|Thermal_blanket,1|1|1|0|1|1|0|1|0|0|1|0|1|0|0|0|0|1|1|1|1|1|1|0|0|1|1|1|1|1
nsga_one_point,most_reliable,1230.0,24.840000000000003,99.97290473327793,0.5340197599636395,Tarp|Bivy|Stakes|Sleeping_bag|Sleeping_mat|Pillow|Emergency_bag|Map|GPS_navigator|Headlamp|Batteries|Fuel|Pot|Water_filter|Flask|Medicines|Bandages|Splint,0|1|1|0|0|1|1|1|0|0|1|1|1|0|1|0|1|1|0|1|1|1|1|0|0|1|1|0|1|0
nsga_one_point,balanced,808.0,10.33,97.19354594518906,0.6500694425563149,Tarp|Bivy|Sleeping_mat|Pillow|GPS_navigator|Batteries|Pot|Water_filter|Flask|Medicines|Antiseptic|Splint,0|1|1|0|0|0|0|1|0|0|1|0|0|0|1|0|0|1|0|0|1|1|1|0|0|1|0|1|1|0
weighted_sum,lightest,415.0,4.04,71.6423822603944,0.5852965713589374,Tarp|Pillow|Batteries|Pot|Flask|Medicines,0|1|0|0|0|0|0|0|0|0|1|0|0|0|0|0|0|1|0|0|1|0|1|0|0|1|0|0|0|0
weighted_sum,most_useful,1415.0,24.88,98.13478651827708,0.557236626895549,Tent|Tarp|Bivy|Tent_repair_kit|Stakes|Sleeping_mat|Pillow|Map|Batteries|Gas_stove|Fuel|Pot|Water_filter|Flask|Medicines|Bandages|Antiseptic|Splint|Thermal_blanket,1|1|1|0|1|1|0|1|0|0|1|0|1|0|0|0|0|1|1|1|1|1|1|0|0|1|1|1|1|1
weighted_sum,most_reliable,1088.0,21.45,99.92213574703172,0.5561177134720179,Tent|Tarp|Bivy|Sleeping_mat|Pillow|Emergency_bag|Map|Compass|GPS_navigator|Batteries|Pot|Water_filter|Flask|Medicines|Antiseptic|Splint,1|1|1|0|0|0|0|1|0|0|1|1|1|1|1|0|0|1|0|0|1|1|1|0|0|1|0|1|1|0
weighted_sum,balanced,808.0,10.33,97.19354594518906,0.6500694425563149,Tarp|Bivy|Sleeping_mat|Pillow|GPS_navigator|Batteries|Pot|Water_filter|Flask|Medicines|Antiseptic|Splint,0|1|1|0|0|0|0|1|0|0|1|0|0|0|1|0|0|1|0|0|1|1|1|0|0|1|0|1|1|0
