configuration,constraint_method,mutation,run,population_size,generations,mutation_probability,elitism,selection_percent,seed,random_seed,fitness_budget,ga_best_coverage,ga_towers,valid_percent,ga_best_x,random_best_coverage,random_best_x,ga_history
repair_bit,repair,bit,1,100,100,5,10,70,201,10201,10100,28,5,100.0,0|0|0|0|1|0|0|1|0|0|0|1|0|0|0|0|1|0|0|0|0|0|0|0|0|0|1|0|0|0,28,0|0|1|0|1|0|0|0|0|0|0|0|1|0|0|0|1|0|0|0|0|1|0|0|0|0|0|0|0|0,26.0|27.0|27.0|28.0|28.0|28.0|28.0|28.0|28.0|28.0|28.0|28.0|28.0|28.0|28.0|28.0|28.0|28.0|28.0|28.0|28.0|28.0|28.0|28.0|28.0|28.0|28.0|28.0|28.0|28.0|28.0|28.0|28.0|28.0|28.0|28.0|28.0|28.0|28.0|28.0|28.0|28.0|28.0|28.0|28.0|28.0|28.0|28.0|28.0|28.0|28.0|28.0|28.0|28.0|28.0|28.0|28.0|28.0|28.0|28.0|28.0|28.0|28.0|28.0|28.0|28.0|28.0|28.0|28.0|28.0|28.0|28.0|28.0|28.0|28.0|28.0|28.0|28.0|28.0|28.0|28.0|28.0|28.0|28.0|28.0|28.0|28.0|28.0|28.0|28.0|28.0|28.0|28.0|28.0|28.0|28.0|28.0|28.0|28.0|28.0|28.0
repair_bit,repair,bit,2,100,100,5,10,70,202,10202,10100,28,5,100.0,0|0|1|0|0|0|0|0|0|1|0|0|1|0|0|0|1|0|0|0|0|1|0|0|0|0|0|0|0|0,28,0|0|0|0|1|0|0|0|0|0|0|1|1|0|0|0|1|0|0|0|0|0|0|0|0|0|1|0|0|0,26.0|27.0|27.0|27.0|27.0|28.0|28.0|28.0|28.0|28.0|28.0|28.0|28.0|28.0|28.0|28.0|28.0|28.0|28.0|28.0|28.0|28.0|28.0|28.0|28.0|28.0|28.0|28.0|28.0|28.0|28.0|28.0|28.0|28.0|28.0|28.0|28.0|28.0|28.0|28.0|28.0|28.0|28.0|28.0|28.0|28.0|28.0|28.0|28.0|28.0|28.0|28.0|28.0|28.0|28.0|28.0|28.0|28.0|28.0|28.0|28.0|28.0|28.0|28.0|28.0|28.0|28.0|28.0|28.0|28.0|28.0|28.0|28.0|28.0|28.0|28.0|28.0|28.0|28.0|28.0|28.0|28.0|28.0|28.0|28.0|28.0|28.0|28.0|28.0|28.0|28.0|28.0|28.0|28.0|28.0|28.0|28.0|28.0|28.0|28.0|28.0
repair_bit,repair,bit,3,100,100,5,10,70,203,10203,10100,28,5,100.0,0|0|1|0|0|1|0|0|0|0|0|0|1|0|0|0|0|0|0|0|0|1|0|0|0|1|0|0|0|0,28,0|0|1|0|0|0|0|0|0|0|0|0|1|0|0|0|1|0|0|0|0|1|0|0|0|0|0|0|1|0,26.0|26.0|26.0|26.0|26.0|27.0|27.0|27.0|27.0|27.0|27.0|27.0|27.0|27.0|27.0|27.0|27.0|27.0|27.0|27.0|27.0|27.0|27.0|27.0|28.0|28.0|28.0|28.0|28.0|28.0|28.0|28.0|28.0|28.0|28.0|28.0|28.0|28.0|28.0|28.0|28.0|28.0|28.0|28.0|28.0|28.0|28.0|28.0|28.0|28.0|28.0|28.0|28.0|28.0|28.0|28.0|28.0|28.0|28.0|28.0|28.0|28.0|28.0|28.0|28.0|28.0|28.0|28.0|28.0|28.0|28.0|28.0|28.0|28.0|28.0|28.0|28.0|28.0|28.0|28.0|28.0|28.0|28.0|28.0|28.0|28.0|28.0|28.0|28.0|28.0|28.0|28.0|28.0|28.0|28.0|28.0|28.0|28.0|28.0|28.0|28.0
repair_bit,repair,bit,4,100,100,5,10,70,204,10204,10100,28,5,100.0,0|0|1|0|0|1|0|0|0|1|0|0|0|0|0|0|0|0|0|0|0|1|0|0|1|0|0|0|0|0,28,0|0|0|0|1|0|0|1|0|0|0|1|0|0|0|1|0|0|0|0|0|0|0|0|0|0|1|0|0|0,26.0|27.0|27.0|27.0|27.0|27.0|27.0|27.0|27.0|27.0|27.0|27.0|27.0|27.0|27.0|27.0|27.0|27.0|27.0|27.0|27.0|27.0|27.0|28.0|28.0|28.0|28.0|28.0|28.0|28.0|28.0|28.0|28.0|28.0|28.0|28.0|28.0|28.0|28.0|28.0|28.0|28.0|28.0|28.0|28.0|28.0|28.0|28.0|28.0|28.0|28.0|28.0|28.0|28.0|28.0|28.0|28.0|28.0|28.0|28.0|28.0|28.0|28.0|28.0|28.0|28.0|28.0|28.0|28.0|28.0|28.0|28.0|28.0|28.0|28.0|28.0|28.0|28.0|28.0|28.0|28.0|28.0|28.0|28.0|28.0|28.0|28.0|28.0|28.0|28.0|28.0|28.0|28.0|28.0|28.0|28.0|28.0|28.0|28.0|28.0|28.0
repair_bit,repair,bit,5,100,100,5,10,70,205,10205,10100,28,5,100.0,0|0|1|0|0|0|0|0|0|1|0|0|1|0|0|0|1|0|0|0|0|1|0|0|0|0|0|0|0|0,27,1|0|1|0|1|0|0|0|0|0|0|0|1|0|0|0|1|0|0|0|0|0|0|0|0|0|0|0|0|0,26.0|26.0|26.0|26.0|27.0|27.0|27.0|27.0|27.0|27.0|27.0|27.0|28.0|28.0|28.0|28.0|28.0|28.0|28.0|28.0|28.0|28.0|28.0|28.0|28.0|28.0|28.0|28.0|28.0|28.0|28.0|28.0|28.0|28.0|28.0|28.0|28.0|28.0|28.0|28.0|28.0|28.0|28.0|28.0|28.0|28.0|28.0|28.0|28.0|28.0|28.0|28.0|28.0|28.0|28.0|28.0|28.0|28.0|28.0|28.0|28.0|28.0|28.0|28.0|28.0|28.0|28.0|28.0|28.0|28.0|28.0|28.0|28.0|28.0|28.0|28.0|28.0|28.0|28.0|28.0|28.0|28.0|28.0|28.0|28.0|28.0|28.0|28.0|28.0|28.0|28.0|28.0|28.0|28.0|28.0|28.0|28.0|28.0|28.0|28.0|28.0
repair_bit,repair,bit,6,100,100,5,10,70,206,10206,10100,28,5,100.0,0|0|1|0|1|0|0|1|0|0|0|0|0|0|0|0|1|0|0|0|0|1|0|0|0|0|0|0|0|0,28,0|0|0|0|1|0|0|0|0|0|0|0|1|0|0|0|1|0|0|0|0|0|0|0|0|0|1|0|0|1,26.0|26.0|26.0|27.0|27.0|27.0|27.0|27.0|27.0|27.0|27.0|27.0|27.0|27.0|27.0|27.0|27.0|28.0|28.0|28.0|28.0|28.0|28.0|28.0|28.0|28.0|28.0|28.0|28.0|28.0|28.0|28.0|28.0|28.0|28.0|28.0|28.0|28.0|28.0|28.0|28.0|28.0|28.0|28.0|28.0|28.0|28.0|28.0|28.0|28.0|28.0|28.0|28.0|28.0|28.0|28.0|28.0|28.0|28.0|28.0|28.0|28.0|28.0|28.0|28.0|28.0|28.0|28.0|28.0|28.0|28.0|28.0|28.0|28.0|28.0|28.0|28.0|28.0|28.0|28.0|28.0|28.0|28.0|28.0|28.0|28.0|28.0|28.0|28.0|28.0|28.0|28.0|28.0|28.0|28.0|28.0|28.0|28.0|28.0|28.0|28.0
repair_bit,repair,bit,7,100,100,5,10,70,207,10207,10100,28,5,100.0,0|0|1|0|1|0|0|1|0|0|0|0|0|0|0|0|1|0|0|0|0|1|0|0|0|0|0|0|0|0,27,0|0|0|0|0|0|0|1|0|0|0|0|0|0|0|0|0|0|1|1|0|0|0|0|0|0|1|0|0|1,25.0|27.0|27.0|27.0|27.0|28.0|28.0|28.0|28.0|28.0|28.0|28.0|28.0|28.0|28.0|28.0|28.0|28.0|28.0|28.0|28.0|28.0|28.0|28.0|28.0|28.0|28.0|28.0|28.0|28.0|28.0|28.0|28.0|28.0|28.0|28.0|28.0|28.0|28.0|28.0|28.0|28.0|28.0|28.0|28.0|28.0|28.0|28.0|28.0|28.0|28.0|28.0|28.0|28.0|28.0|28.0|28.0|28.0|28.0|28.0|28.0|28.0|28.0|28.0|28.0|28.0|28.0|28.0|28.0|28.0|28.0|28.0|28.0|28.0|28.0|28.0|28.0|28.0|28.0|28.0|28.0|28.0|28.0|28.0|28.0|28.0|28.0|28.0|28.0|28.0|28.0|28.0|28.0|28.0|28.0|28.0|28.0|28.0|28.0|28.0|28.0
repair_bit,repair,bit,8,100,100,5,10,70,208,10208,10100,28,5,100.0,0|0|1|0|0|1|0|0|0|1|0|0|0|0|0|0|0|0|0|0|0|1|0|0|0|1|0|0|0|0,28,0|0|1|0|1|0|0|0|0|0|0|0|1|0|0|0|1|0|0|0|0|1|0|0|0|0|0|0|0|0,26.0|27.0|27.0|27.0|27.0|27.0|27.0|28.0|28.0|28.0|28.0|28.0|28.0|28.0|28.0|28.0|28.0|28.0|28.0|28.0|28.0|28.0|28.0|28.0|28.0|28.0|28.0|28.0|28.0|28.0|28.0|28.0|28.0|28.0|28.0|28.0|28.0|28.0|28.0|28.0|28.0|28.0|28.0|28.0|28.0|28.0|28.0|28.0|28.0|28.0|28.0|28.0|28.0|28.0|28.0|28.0|28.0|28.0|28.0|28.0|28.0|28.0|28.0|28.0|28.0|28.0|28.0|28.0|28.0|28.0|28.0|28.0|28.0|28.0|28.0|28.0|28.0|28.0|28.0|28.0|28.0|28.0|28.0|28.0|28.0|28.0|28.0|28.0|28.0|28.0|28.0|28.0|28.0|28.0|28.0|28.0|28.0|28.0|28.0|28.0|28.0
repair_bit,repair,bit,9,100,100,5,10,70,209,10209,10100,28,5,100.0,0|0|1|0|0|1|0|0|0|0|0|0|1|0|0|0|0|0|0|0|0|1|0|0|0|1|0|0|0|0,27,0|0|0|0|0|0|0|0|0|1|0|0|1|0|0|0|1|0|0|0|0|0|0|0|0|0|0|0|1|1,25.0|26.0|26.0|27.0|27.0|27.0|27.0|27.0|27.0|27.0|27.0|27.0|27.0|27.0|27.0|27.0|27.0|27.0|27.0|27.0|27.0|27.0|27.0|27.0|27.0|27.0|27.0|27.0|27.0|28.0|28.0|28.0|28.0|28.0|28.0|28.0|28.0|28.0|28.0|28.0|28.0|28.0|28.0|28.0|28.0|28.0|28.0|28.0|28.0|28.0|28.0|28.0|28.0|28.0|28.0|28.0|28.0|28.0|28.0|28.0|28.0|28.0|28.0|28.0|28.0|28.0|28.0|28.0|28.0|28.0|28.0|28.0|28.0|28.0|28.0|28.0|28.0|28.0|28.0|28.0|28.0|28.0|28.0|28.0|28.0|28.0|28.0|28.0|28.0|28.0|28.0|28.0|28.0|28.0|28.0|28.0|28.0|28.0|28.0|28.0|28.0
repair_bit,repair,bit,10,100,100,5,10,70,210,10210,10100,28,5,100.0,0|0|0|0|1|0|0|0|0|0|0|0|1|0|0|0|1|0|0|0|0|0|0|0|0|0|1|0|0|1,28,0|0|0|0|1|0|0|1|0|0|0|1|0|0|0|0|0|0|0|1|0|0|0|0|0|0|1|0|0|0,26.0|26.0|26.0|26.0|26.0|26.0|27.0|28.0|28.0|28.0|28.0|28.0|28.0|28.0|28.0|28.0|28.0|28.0|28.0|28.0|28.0|28.0|28.0|28.0|28.0|28.0|28.0|28.0|28.0|28.0|28.0|28.0|28.0|28.0|28.0|28.0|28.0|28.0|28.0|28.0|28.0|28.0|28.0|28.0|28.0|28.0|28.0|28.0|28.0|28.0|28.0|28.0|28.0|28.0|28.0|28.0|28.0|28.0|28.0|28.0|28.0|28.0|28.0|28.0|28.0|28.0|28.0|28.0|28.0|28.0|28.0|28.0|28.0|28.0|28.0|28.0|28.0|28.0|28.0|28.0|28.0|28.0|28.0|28.0|28.0|28.0|28.0|28.0|28.0|28.0|28.0|28.0|28.0|28.0|28.0|28.0|28.0|28.0|28.0|28.0|28.0
repair_bit,repair,bit,11,100,100,5,10,70,211,10211,10100,28,5,100.0,0|0|0|0|1|0|0|1|0|0|0|1|0|0|0|0|0|0|0|1|0|0|0|0|0|0|1|0|0|0,28,0|0|0|0|1|0|0|1|0|0|0|1|0|0|0|1|0|0|0|0|0|0|0|0|0|0|1|0|0|0,26.0|26.0|26.0|26.0|26.0|26.0|26.0|27.0|27.0|28.0|28.0|28.0|28.0|28.0|28.0|28.0|28.0|28.0|28.0|28.0|28.0|28.0|28.0|28.0|28.0|28.0|28.0|28.0|28.0|28.0|28.0|28.0|28.0|28.0|28.0|28.0|28.0|28.0|28.0|28.0|28.0|28.0|28.0|28.0|28.0|28.0|28.0|28.0|28.0|28.0|28.0|28.0|28.0|28.0|28.0|28.0|28.0|28.0|28.0|28.0|28.0|28.0|28.0|28.0|28.0|28.0|28.0|28.0|28.0|28.0|28.0|28.0|28.0|28.0|28.0|28.0|28.0|28.0|28.0|28.0|28.0|28.0|28.0|28.0|28.0|28.0|28.0|28.0|28.0|28.0|28.0|28.0|28.0|28.0|28.0|28.0|28.0|28.0|28.0|28.0|28.0
repair_bit,repair,bit,12,100,100,5,10,70,212,10212,10100,28,5,100.0,0|0|1|0|0|1|0|0|0|0|0|0|1|0|0|0|0|0|0|0|0|1|0|0|0|1|0|0|0|0,28,0|0|0|0|1|0|0|1|0|0|0|0|0|0|0|0|1|0|0|0|0|0|0|0|0|0|1|0|0|1,26.0|26.0|26.0|26.0|26.0|27.0|28.0|28.0|28.0|28.0|28.0|28.0|28.0|28.0|28.0|28.0|28.0|28.0|28.0|28.0|28.0|28.0|28.0|28.0|28.0|28.0|28.0|28.0|28.0|28.0|28.0|28.0|28.0|28.0|28.0|28.0|28.0|28.0|28.0|28.0|28.0|28.0|28.0|28.0|28.0|28.0|28.0|28.0|28.0|28.0|28.0|28.0|28.0|28.0|28.0|28.0|28.0|28.0|28.0|28.0|28.0|28.0|28.0|28.0|28.0|28.0|28.0|28.0|28.0|28.0|28.0|28.0|28.0|28.0|28.0|28.0|28.0|28.0|28.0|28.0|28.0|28.0|28.0|28.0|28.0|28.0|28.0|28.0|28.0|28.0|28.0|28.0|28.0|28.0|28.0|28.0|28.0|28.0|28.0|28.0|28.0
repair_bit,repair,bit,13,100,100,5,10,70,213,10213,10100,28,5,100.0,0|0|1|0|0|0|0|0|0|1|0|0|1|0|0|0|1|0|0|0|0|1|0|0|0|0|0|0|0|0,28,0|0|1|0|0|1|1|0|0|1|0|0|0|0|0|0|0|0|0|0|0|1|0|0|0|0|0|0|0|0,24.0|25.0|26.0|26.0|26.0|28.0|28.0|28.0|28.0|28.0|28.0|28.0|28.0|28.0|28.0|28.0|28.0|28.0|28.0|28.0|28.0|28.0|28.0|28.0|28.0|28.0|28.0|28.0|28.0|28.0|28.0|28.0|28.0|28.0|28.0|28.0|28.0|28.0|28.0|28.0|28.0|28.0|28.0|28.0|28.0|28.0|28.0|28.0|28.0|28.0|28.0|28.0|28.0|28.0|28.0|28.0|28.0|28.0|28.0|28.0|28.0|28.0|28.0|28.0|28.0|28.0|28.0|28.0|28.0|28.0|28.0|28.0|28.0|28.0|28.0|28.0|28.0|28.0|28.0|28.0|28.0|28.0|28.0|28.0|28.0|28.0|28.0|28.0|28.0|28.0|28.0|28.0|28.0|28.0|28.0|28.0|28.0|28.0|28.0|28.0|28.0
repair_bit,repair,bit,14,100,100,5,10,70,214,10214,10100,28,5,100.0,0|0|1|0|0|1|1|0|0|1|0|0|0|0|0|0|0|0|0|0|0|1|0|0|0|0|0|0|0|0,27,0|0|1|0|1|0|0|0|0|0|0|0|0|1|0|0|1|0|0|0|0|1|0|0|0|0|0|0|0|0,25.0|25.0|26.0|26.0|26.0|26.0|28.0|28.0|28.0|28.0|28.0|28.0|28.0|28.0|28.0|28.0|28.0|28.0|28.0|28.0|28.0|28.0|28.0|28.0|28.0|28.0|28.0|28.0|28.0|28.0|28.0|28.0|28.0|28.0|28.0|28.0|28.0|28.0|28.0|28.0|28.0|28.0|28.0|28.0|28.0|28.0|28.0|28.0|28.0|28.0|28.0|28.0|28.0|28.0|28.0|28.0|28.0|28.0|28.0|28.0|28.0|28.0|28.0|28.0|28.0|28.0|28.0|28.0|28.0|28.0|28.0|28.0|28.0|28.0|28.0|28.0|28.0|28.0|28.0|28.0|28.0|28.0|28.0|28.0|28.0|28.0|28.0|28.0|28.0|28.0|28.0|28.0|28.0|28.0|28.0|28.0|28.0|28.0|28.0|28.0|28.0
repair_bit,repair,bit,15,100,100,5,10,70,215,10215,10100,28,5,100.0,0|0|0|0|1|0|0|1|0|0|0|1|0|0|0|1|0|0|0|0|0|0|0|0|0|0|1|0|0|0,28,0|0|1|0|0|0|0|0|0|0|0|0|1|0|0|0|1|0|0|0|0|1|0|0|0|0|0|0|1|0,27.0|27.0|27.0|27.0|27.0|27.0|27.0|27.0|27.0|27.0|27.0|27.0|27.0|27.0|27.0|27.0|27.0|27.0|27.0|27.0|27.0|27.0|27.0|27.0|27.0|27.0|27.0|27.0|27.0|27.0|27.0|27.0|27.0|27.0|27.0|27.0|27.0|27.0|27.0|27.0|28.0|28.0|28.0|28.0|28.0|28.0|28.0|28.0|28.0|28.0|28.0|28.0|28.0|28.0|28.0|28.0|28.0|28.0|28.0|28.0|28.0|28.0|28.0|28.0|28.0|28.0|28.0|28.0|28.0|28.0|28.0|28.0|28.0|28.0|28.0|28.0|28.0|28.0|28.0|28.0|28.0|28.0|28.0|28.0|28.0|28.0|28.0|28.0|28.0|28.0|28.0|28.0|28.0|28.0|28.0|28.0|28.0|28.0|28.0|28.0|28.0
repair_bit,repair,bit,16,100,100,5,10,70,216,10216,10100,28,5,100.0,0|0|0|0|1|0|0|1|0|0|0|0|0|0|0|0|1|0|0|0|0|0|0|0|0|0|1|0|0|1,28,0|0|0|0|1|0|0|0|1|0|0|0|0|0|1|0|0|0|0|0|0|1|0|0|0|1|0|0|0|0,25.0|26.0|26.0|26.0|27.0|27.0|27.0|27.0|27.0|27.0|28.0|28.0|28.0|28.0|28.0|28.0|28.0|28.0|28.0|28.0|28.0|28.0|28.0|28.0|28.0|28.0|28.0|28.0|28.0|28.0|28.0|28.0|28.0|28.0|28.0|28.0|28.0|28.0|28.0|28.0|28.0|28.0|28.0|28.0|28.0|28.0|28.0|28.0|28.0|28.0|28.0|28.0|28.0|28.0|28.0|28.0|28.0|28.0|28.0|28.0|28.0|28.0|28.0|28.0|28.0|28.0|28.0|28.0|28.0|28.0|28.0|28.0|28.0|28.0|28.0|28.0|28.0|28.0|28.0|28.0|28.0|28.0|28.0|28.0|28.0|28.0|28.0|28.0|28.0|28.0|28.0|28.0|28.0|28.0|28.0|28.0|28.0|28.0|28.0|28.0|28.0
repair_bit,repair,bit,17,100,100,5,10,70,217,10217,10100,28,5,100.0,0|0|1|0|0|0|0|0|0|1|0|0|1|0|0|0|1|0|0|0|0|1|0|0|0|0|0|0|0|0,27,0|0|0|0|1|0|0|0|1|0|0|0|0|0|0|0|1|0|0|0|0|1|0|0|0|0|1|0|0|0,26.0|26.0|26.0|26.0|27.0|27.0|27.0|27.0|27.0|27.0|27.0|27.0|27.0|27.0|27.0|27.0|27.0|27.0|27.0|27.0|27.0|27.0|27.0|27.0|27.0|27.0|27.0|27.0|27.0|27.0|27.0|27.0|27.0|27.0|27.0|27.0|28.0|28.0|28.0|28.0|28.0|28.0|28.0|28.0|28.0|28.0|28.0|28.0|28.0|28.0|28.0|28.0|28.0|28.0|28.0|28.0|28.0|28.0|28.0|28.0|28.0|28.0|28.0|28.0|28.0|28.0|28.0|28.0|28.0|28.0|28.0|28.0|28.0|28.0|28.0|28.0|28.0|28.0|28.0|28.0|28.0|28.0|28.0|28.0|28.0|28.0|28.0|28.0|28.0|28.0|28.0|28.0|28.0|28.0|28.0|28.0|28.0|28.0|28.0|28.0|28.0
repair_bit,repair,bit,18,100,100,5,10,70,218,10218,10100,28,5,100.0,0|0|1|0|0|1|0|0|0|1|0|0|0|0|0|0|0|0|0|0|0|1|0|0|0|1|0|0|0|0,28,0|0|0|0|1|0|0|1|0|0|0|0|0|0|0|0|1|0|0|0|0|0|0|0|0|0|1|0|0|1,26.0|26.0|27.0|27.0|27.0|27.0|27.0|27.0|27.0|27.0|27.0|27.0|27.0|27.0|27.0|27.0|27.0|27.0|27.0|27.0|27.0|27.0|27.0|27.0|27.0|27.0|27.0|27.0|27.0|27.0|28.0|28.0|28.0|28.0|28.0|28.0|28.0|28.0|28.0|28.0|28.0|28.0|28.0|28.0|28.0|28.0|28.0|28.0|28.0|28.0|28.0|28.0|28.0|28.0|28.0|28.0|28.0|28.0|28.0|28.0|28.0|28.0|28.0|28.0|28.0|28.0|28.0|28.0|28.0|28.0|28.0|28.0|28.0|28.0|28.0|28.0|28.0|28.0|28.0|28.0|28.0|28.0|28.0|28.0|28.0|28.0|28.0|28.0|28.0|28.0|28.0|28.0|28.0|28.0|28.0|28.0|28.0|28.0|28.0|28.0|28.0
repair_bit,repair,bit,19,100,100,5,10,70,219,10219,10100,28,5,100.0,0|0|0|0|1|0|0|1|0|0|0|0|0|0|0|0|1|0|0|0|0|0|0|0|0|0|1|0|0|1,28,0|0|0|0|1|0|0|1|0|0|0|0|0|0|0|1|0|0|0|0|0|1|0|0|0|0|1|0|0|0,25.0|25.0|25.0|26.0|26.0|26.0|27.0|27.0|27.0|27.0|28.0|28.0|28.0|28.0|28.0|28.0|28.0|28.0|28.0|28.0|28.0|28.0|28.0|28.0|28.0|28.0|28.0|28.0|28.0|28.0|28.0|28.0|28.0|28.0|28.0|28.0|28.0|28.0|28.0|28.0|28.0|28.0|28.0|28.0|28.0|28.0|28.0|28.0|28.0|28.0|28.0|28.0|28.0|28.0|28.0|28.0|28.0|28.0|28.0|28.0|28.0|28.0|28.0|28.0|28.0|28.0|28.0|28.0|28.0|28.0|28.0|28.0|28.0|28.0|28.0|28.0|28.0|28.0|28.0|28.0|28.0|28.0|28.0|28.0|28.0|28.0|28.0|28.0|28.0|28.0|28.0|28.0|28.0|28.0|28.0|28.0|28.0|28.0|28.0|28.0|28.0
repair_bit,repair,bit,20,100,100,5,10,70,220,10220,10100,28,5,100.0,0|0|1|0|0|1|0|0|0|1|0|0|0|0|0|0|0|0|0|0|0|1|0|0|0|1|0|0|0|0,28,0|0|0|0|1|0|0|1|0|0|0|1|0|0|0|1|0|0|0|0|0|0|0|0|0|0|1|0|0|0,25.0|26.0|27.0|27.0|27.0|27.0|27.0|27.0|27.0|27.0|27.0|27.0|27.0|27.0|27.0|27.0|27.0|27.0|27.0|28.0|28.0|28.0|28.0|28.0|28.0|28.0|28.0|28.0|28.0|28.0|28.0|28.0|28.0|28.0|28.0|28.0|28.0|28.0|28.0|28.0|28.0|28.0|28.0|28.0|28.0|28.0|28.0|28.0|28.0|28.0|28.0|28.0|28.0|28.0|28.0|28.0|28.0|28.0|28.0|28.0|28.0|28.0|28.0|28.0|28.0|28.0|28.0|28.0|28.0|28.0|28.0|28.0|28.0|28.0|28.0|28.0|28.0|28.0|28.0|28.0|28.0|28.0|28.0|28.0|28.0|28.0|28.0|28.0|28.0|28.0|28.0|28.0|28.0|28.0|28.0|28.0|28.0|28.0|28.0|28.0|28.0
penalty_bit,penalty,bit,1,100,100,5,10,70,201,10201,10100,28,5,28.999999999999996,0|0|0|0|1|0|0|0|0|0|0|0|1|0|0|0|1|0|0|0|0|0|0|0|0|0|1|0|0|1,28,0|0|1|0|1|0|0|0|0|0|0|0|1|0|0|0|1|0|0|0|0|1|0|0|0|0|0|0|0|0,26.0|26.0|26.0|26.0|26.0|26.0|26.0|26.0|26.0|26.0|26.0|26.0|26.0|26.0|26.0|26.0|26.0|26.0|26.0|27.0|27.0|27.0|27.0|27.0|27.0|27.0|27.0|27.0|27.0|27.0|27.0|27.0|28.0|28.0|28.0|28.0|28.0|28.0|28.0|28.0|28.0|28.0|28.0|28.0|28.0|28.0|28.0|28.0|28.0|28.0|28.0|28.0|28.0|28.0|28.0|28.0|28.0|28.0|28.0|28.0|28.0|28.0|28.0|28.0|28.0|28.0|28.0|28.0|28.0|28.0|28.0|28.0|28.0|28.0|28.0|28.0|28.0|28.0|28.0|28.0|28.0|28.0|28.0|28.0|28.0|28.0|28.0|28.0|28.0|28.0|28.0|28.0|28.0|28.0|28.0|28.0|28.0|28.0|28.0|28.0|28.0
penalty_bit,penalty,bit,2,100,100,5,10,70,202,10202,10100,27,5,30.0,0|0|1|0|0|0|0|1|0|0|0|0|0|0|1|0|1|0|0|0|0|1|0|0|0|0|0|0|0|0,28,0|0|0|0|1|0|0|0|0|0|0|1|1|0|0|0|1|0|0|0|0|0|0|0|0|0|1|0|0|0,26.0|27.0|27.0|27.0|27.0|27.0|27.0|27.0|27.0|27.0|27.0|27.0|27.0|27.0|27.0|27.0|27.0|27.0|27.0|27.0|27.0|27.0|27.0|27.0|27.0|27.0|27.0|27.0|27.0|27.0|27.0|27.0|27.0|27.0|27.0|27.0|27.0|27.0|27.0|27.0|27.0|27.0|27.0|27.0|27.0|27.0|27.0|27.0|27.0|27.0|27.0|27.0|27.0|27.0|27.0|27.0|27.0|27.0|27.0|27.0|27.0|27.0|27.0|27.0|27.0|27.0|27.0|27.0|27.0|27.0|27.0|27.0|27.0|27.0|27.0|27.0|27.0|27.0|27.0|27.0|27.0|27.0|27.0|27.0|27.0|27.0|27.0|27.0|27.0|27.0|27.0|27.0|27.0|27.0|27.0|27.0|27.0|27.0|27.0|27.0|27.0
penalty_bit,penalty,bit,3,100,100,5,10,70,203,10203,10100,28,5,25.0,0|0|0|0|1|0|0|1|0|0|0|0|0|0|0|1|0|0|0|0|0|1|0|0|0|0|1|0|0|0,28,0|0|1|0|0|0|0|0|0|0|0|0|1|0|0|0|1|0|0|0|0|1|0|0|0|0|0|0|1|0,26.0|26.0|26.0|26.0|26.0|26.0|26.0|26.0|26.0|26.0|26.0|26.0|27.0|27.0|28.0|28.0|28.0|28.0|28.0|28.0|28.0|28.0|28.0|28.0|28.0|28.0|28.0|28.0|28.0|28.0|28.0|28.0|28.0|28.0|28.0|28.0|28.0|28.0|28.0|28.0|28.0|28.0|28.0|28.0|28.0|28.0|28.0|28.0|28.0|28.0|28.0|28.0|28.0|28.0|28.0|28.0|28.0|28.0|28.0|28.0|28.0|28.0|28.0|28.0|28.0|28.0|28.0|28.0|28.0|28.0|28.0|28.0|28.0|28.0|28.0|28.0|28.0|28.0|28.0|28.0|28.0|28.0|28.0|28.0|28.0|28.0|28.0|28.0|28.0|28.0|28.0|28.0|28.0|28.0|28.0|28.0|28.0|28.0|28.0|28.0|28.0
penalty_bit,penalty,bit,4,100,100,5,10,70,204,10204,10100,28,5,23.0,0|0|1|0|0|0|0|0|0|1|0|0|1|0|0|0|1|0|0|0|0|1|0|0|0|0|0|0|0|0,28,0|0|0|0|1|0|0|1|0|0|0|1|0|0|0|1|0|0|0|0|0|0|0|0|0|0|1|0|0|0,26.0|26.0|26.0|26.0|26.0|26.0|26.0|26.0|26.0|26.0|27.0|27.0|27.0|27.0|27.0|27.0|27.0|27.0|27.0|27.0|27.0|27.0|27.0|27.0|27.0|27.0|27.0|27.0|27.0|27.0|27.0|27.0|27.0|27.0|27.0|27.0|27.0|28.0|28.0|28.0|28.0|28.0|28.0|28.0|28.0|28.0|28.0|28.0|28.0|28.0|28.0|28.0|28.0|28.0|28.0|28.0|28.0|28.0|28.0|28.0|28.0|28.0|28.0|28.0|28.0|28.0|28.0|28.0|28.0|28.0|28.0|28.0|28.0|28.0|28.0|28.0|28.0|28.0|28.0|28.0|28.0|28.0|28.0|28.0|28.0|28.0|28.0|28.0|28.0|28.0|28.0|28.0|28.0|28.0|28.0|28.0|28.0|28.0|28.0|28.0|28.0
penalty_bit,penalty,bit,5,100,100,5,10,70,205,10205,10100,28,5,36.0,0|0|0|0|1|0|0|1|0|0|0|0|0|0|0|0|1|0|0|0|0|0|0|0|0|0|1|0|0|1,27,1|0|1|0|1|0|0|0|0|0|0|0|1|0|0|0|1|0|0|0|0|0|0|0|0|0|0|0|0|0,26.0|26.0|26.0|26.0|26.0|26.0|26.0|26.0|26.0|27.0|27.0|27.0|27.0|27.0|28.0|28.0|28.0|28.0|28.0|28.0|28.0|28.0|28.0|28.0|28.0|28.0|28.0|28.0|28.0|28.0|28.0|28.0|28.0|28.0|28.0|28.0|28.0|28.0|28.0|28.0|28.0|28.0|28.0|28.0|28.0|28.0|28.0|28.0|28.0|28.0|28.0|28.0|28.0|28.0|28.0|28.0|28.0|28.0|28.0|28.0|28.0|28.0|28.0|28.0|28.0|28.0|28.0|28.0|28.0|28.0|28.0|28.0|28.0|28.0|28.0|28.0|28.0|28.0|28.0|28.0|28.0|28.0|28.0|28.0|28.0|28.0|28.0|28.0|28.0|28.0|28.0|28.0|28.0|28.0|28.0|28.0|28.0|28.0|28.0|28.0|28.0
penalty_bit,penalty,bit,6,100,100,5,10,70,206,10206,10100,28,5,30.0,0|0|1|0|0|1|0|0|0|1|0|0|0|0|0|0|0|0|0|0|0|1|0|0|0|1|0|0|0|0,28,0|0|0|0|1|0|0|0|0|0|0|0|1|0|0|0|1|0|0|0|0|0|0|0|0|0|1|0|0|1,26.0|26.0|26.0|26.0|26.0|26.0|26.0|26.0|26.0|26.0|26.0|26.0|28.0|28.0|28.0|28.0|28.0|28.0|28.0|28.0|28.0|28.0|28.0|28.0|28.0|28.0|28.0|28.0|28.0|28.0|28.0|28.0|28.0|28.0|28.0|28.0|28.0|28.0|28.0|28.0|28.0|28.0|28.0|28.0|28.0|28.0|28.0|28.0|28.0|28.0|28.0|28.0|28.0|28.0|28.0|28.0|28.0|28.0|28.0|28.0|28.0|28.0|28.0|28.0|28.0|28.0|28.0|28.0|28.0|28.0|28.0|28.0|28.0|28.0|28.0|28.0|28.0|28.0|28.0|28.0|28.0|28.0|28.0|28.0|28.0|28.0|28.0|28.0|28.0|28.0|28.0|28.0|28.0|28.0|28.0|28.0|28.0|28.0|28.0|28.0|28.0
penalty_bit,penalty,bit,7,100,100,5,10,70,207,10207,10100,28,5,23.0,0|0|0|0|1|0|0|1|0|0|0|0|0|0|0|0|1|0|0|0|0|0|0|0|0|0|1|0|0|1,27,0|0|0|0|0|0|0|1|0|0|0|0|0|0|0|0|0|0|1|1|0|0|0|0|0|0|1|0|0|1,25.0|25.0|25.0|25.0|25.0|26.0|26.0|26.0|26.0|26.0|26.0|26.0|26.0|26.0|26.0|26.0|26.0|28.0|28.0|28.0|28.0|28.0|28.0|28.0|28.0|28.0|28.0|28.0|28.0|28.0|28.0|28.0|28.0|28.0|28.0|28.0|28.0|28.0|28.0|28.0|28.0|28.0|28.0|28.0|28.0|28.0|28.0|28.0|28.0|28.0|28.0|28.0|28.0|28.0|28.0|28.0|28.0|28.0|28.0|28.0|28.0|28.0|28.0|28.0|28.0|28.0|28.0|28.0|28.0|28.0|28.0|28.0|28.0|28.0|28.0|28.0|28.0|28.0|28.0|28.0|28.0|28.0|28.0|28.0|28.0|28.0|28.0|28.0|28.0|28.0|28.0|28.0|28.0|28.0|28.0|28.0|28.0|28.0|28.0|28.0|28.0
penalty_bit,penalty,bit,8,100,100,5,10,70,208,10208,10100,27,5,33.0,0|1|0|0|1|0|0|0|0|0|1|0|0|0|0|0|1|0|0|0|0|0|0|1|0|0|0|0|0|0,28,0|0|1|0|1|0|0|0|0|0|0|0|1|0|0|0|1|0|0|0|0|1|0|0|0|0|0|0|0|0,26.0|26.0|26.0|26.0|26.0|26.0|26.0|26.0|26.0|26.0|26.0|26.0|26.0|26.0|26.0|26.0|26.0|27.0|27.0|27.0|27.0|27.0|27.0|27.0|27.0|27.0|27.0|27.0|27.0|27.0|27.0|27.0|27.0|27.0|27.0|27.0|27.0|27.0|27.0|27.0|27.0|27.0|27.0|27.0|27.0|27.0|27.0|27.0|27.0|27.0|27.0|27.0|27.0|27.0|27.0|27.0|27.0|27.0|27.0|27.0|27.0|27.0|27.0|27.0|27.0|27.0|27.0|27.0|27.0|27.0|27.0|27.0|27.0|27.0|27.0|27.0|27.0|27.0|27.0|27.0|27.0|27.0|27.0|27.0|27.0|27.0|27.0|27.0|27.0|27.0|27.0|27.0|27.0|27.0|27.0|27.0|27.0|27.0|27.0|27.0|27.0
penalty_bit,penalty,bit,9,100,100,5,10,70,209,10209,10100,28,5,38.0,0|0|1|0|0|1|0|0|0|0|0|0|1|0|0|0|0|0|0|0|0|1|0|0|0|1|0|0|0|0,27,0|0|0|0|0|0|0|0|0|1|0|0|1|0|0|0|1|0|0|0|0|0|0|0|0|0|0|0|1|1,25.0|26.0|26.0|26.0|26.0|26.0|26.0|26.0|26.0|27.0|27.0|27.0|27.0|27.0|27.0|27.0|27.0|27.0|27.0|27.0|27.0|27.0|27.0|27.0|27.0|28.0|28.0|28.0|28.0|28.0|28.0|28.0|28.0|28.0|28.0|28.0|28.0|28.0|28.0|28.0|28.0|28.0|28.0|28.0|28.0|28.0|28.0|28.0|28.0|28.0|28.0|28.0|28.0|28.0|28.0|28.0|28.0|28.0|28.0|28.0|28.0|28.0|28.0|28.0|28.0|28.0|28.0|28.0|28.0|28.0|28.0|28.0|28.0|28.0|28.0|28.0|28.0|28.0|28.0|28.0|28.0|28.0|28.0|28.0|28.0|28.0|28.0|28.0|28.0|28.0|28.0|28.0|28.0|28.0|28.0|28.0|28.0|28.0|28.0|28.0|28.0
penalty_bit,penalty,bit,10,100,100,5,10,70,210,10210,10100,28,5,26.0,0|0|1|0|0|0|0|0|0|0|0|0|1|0|0|0|1|0|0|0|0|1|0|0|0|0|0|0|1|0,28,0|0|0|0|1|0|0|1|0|0|0|1|0|0|0|0|0|0|0|1|0|0|0|0|0|0|1|0|0|0,26.0|26.0|27.0|27.0|27.0|27.0|27.0|27.0|27.0|27.0|27.0|27.0|27.0|27.0|27.0|27.0|27.0|27.0|27.0|27.0|27.0|27.0|27.0|27.0|27.0|27.0|27.0|27.0|27.0|27.0|27.0|27.0|27.0|28.0|28.0|28.0|28.0|28.0|28.0|28.0|28.0|28.0|28.0|28.0|28.0|28.0|28.0|28.0|28.0|28.0|28.0|28.0|28.0|28.0|28.0|28.0|28.0|28.0|28.0|28.0|28.0|28.0|28.0|28.0|28.0|28.0|28.0|28.0|28.0|28.0|28.0|28.0|28.0|28.0|28.0|28.0|28.0|28.0|28.0|28.0|28.0|28.0|28.0|28.0|28.0|28.0|28.0|28.0|28.0|28.0|28.0|28.0|28.0|28.0|28.0|28.0|28.0|28.0|28.0|28.0|28.0
penalty_bit,penalty,bit,11,100,100,5,10,70,211,10211,10100,28,5,23.0,0|0|1|0|0|0|0|0|0|0|0|0|1|0|0|0|1|0|0|0|0|1|0|0|0|0|0|0|1|0,28,0|0|0|0|1|0|0|1|0|0|0|1|0|0|0|1|0|0|0|0|0|0|0|0|0|0|1|0|0|0,26.0|26.0|26.0|26.0|26.0|26.0|26.0|26.0|26.0|26.0|27.0|27.0|27.0|27.0|27.0|27.0|27.0|27.0|27.0|27.0|27.0|27.0|27.0|27.0|27.0|27.0|27.0|27.0|27.0|27.0|27.0|27.0|27.0|27.0|27.0|27.0|27.0|27.0|27.0|27.0|27.0|27.0|27.0|27.0|27.0|27.0|27.0|27.0|27.0|27.0|27.0|27.0|27.0|27.0|27.0|27.0|27.0|27.0|27.0|27.0|27.0|27.0|27.0|27.0|27.0|27.0|27.0|27.0|27.0|27.0|27.0|27.0|27.0|27.0|27.0|27.0|27.0|27.0|27.0|27.0|27.0|27.0|27.0|27.0|27.0|27.0|27.0|27.0|27.0|28.0|28.0|28.0|28.0|28.0|28.0|28.0|28.0|28.0|28.0|28.0|28.0
penalty_bit,penalty,bit,12,100,100,5,10,70,212,10212,10100,28,5,22.0,0|0|1|0|0|0|0|0|0|0|0|0|1|0|0|0|1|0|0|0|0|1|0|0|0|0|0|0|1|0,28,0|0|0|0|1|0|0|1|0|0|0|0|0|0|0|0|1|0|0|0|0|0|0|0|0|0|1|0|0|1,26.0|26.0|26.0|26.0|26.0|26.0|26.0|26.0|26.0|26.0|26.0|26.0|26.0|26.0|26.0|26.0|26.0|26.0|26.0|26.0|26.0|26.0|26.0|26.0|26.0|26.0|26.0|26.0|27.0|27.0|27.0|27.0|27.0|27.0|27.0|27.0|27.0|27.0|27.0|27.0|27.0|27.0|27.0|28.0|28.0|28.0|28.0|28.0|28.0|28.0|28.0|28.0|28.0|28.0|28.0|28.0|28.0|28.0|28.0|28.0|28.0|28.0|28.0|28.0|28.0|28.0|28.0|28.0|28.0|28.0|28.0|28.0|28.0|28.0|28.0|28.0|28.0|28.0|28.0|28.0|28.0|28.0|28.0|28.0|28.0|28.0|28.0|28.0|28.0|28.0|28.0|28.0|28.0|28.0|28.0|28.0|28.0|28.0|28.0|28.0|28.0
penalty_bit,penalty,bit,13,100,100,5,10,70,213,10213,10100,28,5,33.0,0|0|1|0|0|1|1|0|0|1|0|0|0|0|0|0|0|0|0|0|0|1|0|0|0|0|0|0|0|0,28,0|0|1|0|0|1|1|0|0|1|0|0|0|0|0|0|0|0|0|0|0|1|0|0|0|0|0|0|0|0,24.0|24.0|24.0|24.0|24.0|24.0|24.0|25.0|25.0|25.0|25.0|25.0|25.0|25.0|25.0|25.0|25.0|25.0|26.0|26.0|26.0|26.0|26.0|26.0|26.0|26.0|26.0|26.0|26.0|26.0|26.0|27.0|27.0|27.0|27.0|27.0|27.0|27.0|27.0|27.0|27.0|27.0|27.0|27.0|27.0|27.0|27.0|27.0|27.0|27.0|27.0|27.0|27.0|27.0|27.0|27.0|28.0|28.0|28.0|28.0|28.0|28.0|28.0|28.0|28.0|28.0|28.0|28.0|28.0|28.0|28.0|28.0|28.0|28.0|28.0|28.0|28.0|28.0|28.0|28.0|28.0|28.0|28.0|28.0|28.0|28.0|28.0|28.0|28.0|28.0|28.0|28.0|28.0|28.0|28.0|28.0|28.0|28.0|28.0|28.0|28.0
penalty_bit,penalty,bit,14,100,100,5,10,70,214,10214,10100,28,5,28.999999999999996,0|0|0|0|1|0|0|0|0|0|0|0|1|0|0|0|1|0|0|0|0|0|0|0|0|0|1|0|0|1,27,0|0|1|0|1|0|0|0|0|0|0|0|0|1|0|0|1|0|0|0|0|1|0|0|0|0|0|0|0|0,25.0|25.0|25.0|25.0|25.0|25.0|25.0|26.0|26.0|26.0|26.0|26.0|26.0|26.0|26.0|26.0|26.0|26.0|26.0|26.0|26.0|27.0|27.0|27.0|27.0|28.0|28.0|28.0|28.0|28.0|28.0|28.0|28.0|28.0|28.0|28.0|28.0|28.0|28.0|28.0|28.0|28.0|28.0|28.0|28.0|28.0|28.0|28.0|28.0|28.0|28.0|28.0|28.0|28.0|28.0|28.0|28.0|28.0|28.0|28.0|28.0|28.0|28.0|28.0|28.0|28.0|28.0|28.0|28.0|28.0|28.0|28.0|28.0|28.0|28.0|28.0|28.0|28.0|28.0|28.0|28.0|28.0|28.0|28.0|28.0|28.0|28.0|28.0|28.0|28.0|28.0|28.0|28.0|28.0|28.0|28.0|28.0|28.0|28.0|28.0|28.0
penalty_bit,penalty,bit,15,100,100,5,10,70,215,10215,10100,27,5,26.0,0|0|1|0|0|1|0|1|0|0|0|0|0|0|0|0|0|0|0|0|0|1|0|0|0|0|1|0|0|0,28,0|0|1|0|0|0|0|0|0|0|0|0|1|0|0|0|1|0|0|0|0|1|0|0|0|0|0|0|1|0,27.0|27.0|27.0|27.0|27.0|27.0|27.0|27.0|27.0|27.0|27.0|27.0|27.0|27.0|27.0|27.0|27.0|27.0|27.0|27.0|27.0|27.0|27.0|27.0|27.0|27.0|27.0|27.0|27.0|27.0|27.0|27.0|27.0|27.0|27.0|27.0|27.0|27.0|27.0|27.0|27.0|27.0|27.0|27.0|27.0|27.0|27.0|27.0|27.0|27.0|27.0|27.0|27.0|27.0|27.0|27.0|27.0|27.0|27.0|27.0|27.0|27.0|27.0|27.0|27.0|27.0|27.0|27.0|27.0|27.0|27.0|27.0|27.0|27.0|27.0|27.0|27.0|27.0|27.0|27.0|27.0|27.0|27.0|27.0|27.0|27.0|27.0|27.0|27.0|27.0|27.0|27.0|27.0|27.0|27.0|27.0|27.0|27.0|27.0|27.0|27.0
penalty_bit,penalty,bit,16,100,100,5,10,70,216,10216,10100,28,5,27.0,0|0|0|0|1|0|0|1|0|0|0|0|0|0|0|0|1|0|0|0|0|0|0|0|0|0|1|0|0|1,28,0|0|0|0|1|0|0|0|1|0|0|0|0|0|1|0|0|0|0|0|0|1|0|0|0|1|0|0|0|0,25.0|25.0|25.0|25.0|25.0|25.0|25.0|25.0|25.0|25.0|25.0|25.0|25.0|25.0|26.0|26.0|26.0|26.0|26.0|26.0|26.0|26.0|26.0|26.0|26.0|26.0|26.0|26.0|26.0|26.0|26.0|26.0|26.0|26.0|26.0|26.0|26.0|26.0|26.0|26.0|27.0|27.0|28.0|28.0|28.0|28.0|28.0|28.0|28.0|28.0|28.0|28.0|28.0|28.0|28.0|28.0|28.0|28.0|28.0|28.0|28.0|28.0|28.0|28.0|28.0|28.0|28.0|28.0|28.0|28.0|28.0|28.0|28.0|28.0|28.0|28.0|28.0|28.0|28.0|28.0|28.0|28.0|28.0|28.0|28.0|28.0|28.0|28.0|28.0|28.0|28.0|28.0|28.0|28.0|28.0|28.0|28.0|28.0|28.0|28.0|28.0
penalty_bit,penalty,bit,17,100,100,5,10,70,217,10217,10100,28,5,33.0,0|0|1|0|0|1|0|0|0|0|0|0|1|0|0|0|0|0|0|0|0|1|0|0|0|1|0|0|0|0,27,0|0|0|0|1|0|0|0|1|0|0|0|0|0|0|0|1|0|0|0|0|1|0|0|0|0|1|0|0|0,26.0|26.0|26.0|26.0|26.0|26.0|26.0|26.0|26.0|26.0|26.0|26.0|26.0|26.0|26.0|26.0|26.0|26.0|26.0|26.0|26.0|26.0|26.0|27.0|27.0|27.0|27.0|27.0|27.0|27.0|27.0|27.0|27.0|27.0|27.0|27.0|27.0|27.0|27.0|27.0|27.0|27.0|27.0|27.0|27.0|27.0|27.0|27.0|27.0|27.0|27.0|27.0|28.0|28.0|28.0|28.0|28.0|28.0|28.0|28.0|28.0|28.0|28.0|28.0|28.0|28.0|28.0|28.0|28.0|28.0|28.0|28.0|28.0|28.0|28.0|28.0|28.0|28.0|28.0|28.0|28.0|28.0|28.0|28.0|28.0|28.0|28.0|28.0|28.0|28.0|28.0|28.0|28.0|28.0|28.0|28.0|28.0|28.0|28.0|28.0|28.0
penalty_bit,penalty,bit,18,100,100,5,10,70,218,10218,10100,28,5,25.0,0|0|1|0|0|0|0|0|0|0|0|0|1|0|0|0|1|0|0|0|0|1|0|0|0|0|0|0|1|0,28,0|0|0|0|1|0|0|1|0|0|0|0|0|0|0|0|1|0|0|0|0|0|0|0|0|0|1|0|0|1,26.0|26.0|26.0|26.0|26.0|26.0|26.0|26.0|26.0|26.0|26.0|26.0|26.0|26.0|26.0|26.0|26.0|26.0|26.0|26.0|26.0|26.0|27.0|27.0|27.0|27.0|27.0|28.0|28.0|28.0|28.0|28.0|28.0|28.0|28.0|28.0|28.0|28.0|28.0|28.0|28.0|28.0|28.0|28.0|28.0|28.0|28.0|28.0|28.0|28.0|28.0|28.0|28.0|28.0|28.0|28.0|28.0|28.0|28.0|28.0|28.0|28.0|28.0|28.0|28.0|28.0|28.0|28.0|28.0|28.0|28.0|28.0|28.0|28.0|28.0|28.0|28.0|28.0|28.0|28.0|28.0|28.0|28.0|28.0|28.0|28.0|28.0|28.0|28.0|28.0|28.0|28.0|28.0|28.0|28.0|28.0|28.0|28.0|28.0|28.0|28.0
penalty_bit,penalty,bit,19,100,100,5,10,70,219,10219,10100,28,5,32.0,0|0|0|0|1|0|0|0|1|0|0|1|0|0|0|0|1|0|0|0|0|0|0|0|0|0|1|0|0|0,28,0|0|0|0|1|0|0|1|0|0|0|0|0|0|0|1|0|0|0|0|0|1|0|0|0|0|1|0|0|0,25.0|25.0|25.0|25.0|25.0|25.0|25.0|25.0|25.0|25.0|25.0|26.0|26.0|26.0|26.0|27.0|27.0|27.0|27.0|27.0|27.0|27.0|27.0|27.0|27.0|27.0|27.0|27.0|28.0|28.0|28.0|28.0|28.0|28.0|28.0|28.0|28.0|28.0|28.0|28.0|28.0|28.0|28.0|28.0|28.0|28.0|28.0|28.0|28.0|28.0|28.0|28.0|28.0|28.0|28.0|28.0|28.0|28.0|28.0|28.0|28.0|28.0|28.0|28.0|28.0|28.0|28.0|28.0|28.0|28.0|28.0|28.0|28.0|28.0|28.0|28.0|28.0|28.0|28.0|28.0|28.0|28.0|28.0|28.0|28.0|28.0|28.0|28.0|28.0|28.0|28.0|28.0|28.0|28.0|28.0|28.0|28.0|28.0|28.0|28.0|28.0
penalty_bit,penalty,bit,20,100,100,5,10,70,220,10220,10100,28,5,20.0,0|0|0|0|1|0|0|0|0|0|0|1|1|0|0|0|1|0|0|0|0|0|0|0|0|0|1|0|0|0,28,0|0|0|0|1|0|0|1|0|0|0|1|0|0|0|1|0|0|0|0|0|0|0|0|0|0|1|0|0|0,25.0|26.0|26.0|26.0|26.0|26.0|26.0|26.0|26.0|26.0|26.0|26.0|26.0|26.0|26.0|27.0|28.0|28.0|28.0|28.0|28.0|28.0|28.0|28.0|28.0|28.0|28.0|28.0|28.0|28.0|28.0|28.0|28.0|28.0|28.0|28.0|28.0|28.0|28.0|28.0|28.0|28.0|28.0|28.0|28.0|28.0|28.0|28.0|28.0|28.0|28.0|28.0|28.0|28.0|28.0|28.0|28.0|28.0|28.0|28.0|28.0|28.0|28.0|28.0|28.0|28.0|28.0|28.0|28.0|28.0|28.0|28.0|28.0|28.0|28.0|28.0|28.0|28.0|28.0|28.0|28.0|28.0|28.0|28.0|28.0|28.0|28.0|28.0|28.0|28.0|28.0|28.0|28.0|28.0|28.0|28.0|28.0|28.0|28.0|28.0|28.0
repair_swap,repair,swap,1,100,100,5,10,70,201,10201,10100,28,5,100.0,0|0|0|0|1|0|0|0|0|0|0|1|1|0|0|0|1|0|0|0|0|0|0|0|0|0|1|0|0|0,28,0|0|1|0|1|0|0|0|0|0|0|0|1|0|0|0|1|0|0|0|0|1|0|0|0|0|0|0|0|0,26.0|26.0|26.0|26.0|26.0|26.0|26.0|27.0|27.0|27.0|27.0|27.0|28.0|28.0|28.0|28.0|28.0|28.0|28.0|28.0|28.0|28.0|28.0|28.0|28.0|28.0|28.0|28.0|28.0|28.0|28.0|28.0|28.0|28.0|28.0|28.0|28.0|28.0|28.0|28.0|28.0|28.0|28.0|28.0|28.0|28.0|28.0|28.0|28.0|28.0|28.0|28.0|28.0|28.0|28.0|28.0|28.0|28.0|28.0|28.0|28.0|28.0|28.0|28.0|28.0|28.0|28.0|28.0|28.0|28.0|28.0|28.0|28.0|28.0|28.0|28.0|28.0|28.0|28.0|28.0|28.0|28.0|28.0|28.0|28.0|28.0|28.0|28.0|28.0|28.0|28.0|28.0|28.0|28.0|28.0|28.0|28.0|28.0|28.0|28.0|28.0
repair_swap,repair,swap,2,100,100,5,10,70,202,10202,10100,28,5,100.0,0|0|0|0|1|0|0|1|0|0|0|1|0|0|0|0|0|0|0|1|0|0|0|0|0|0|1|0|0|0,28,0|0|0|0|1|0|0|0|0|0|0|1|1|0|0|0|1|0|0|0|0|0|0|0|0|0|1|0|0|0,26.0|26.0|26.0|26.0|26.0|26.0|26.0|26.0|27.0|27.0|27.0|27.0|27.0|27.0|27.0|27.0|28.0|28.0|28.0|28.0|28.0|28.0|28.0|28.0|28.0|28.0|28.0|28.0|28.0|28.0|28.0|28.0|28.0|28.0|28.0|28.0|28.0|28.0|28.0|28.0|28.0|28.0|28.0|28.0|28.0|28.0|28.0|28.0|28.0|28.0|28.0|28.0|28.0|28.0|28.0|28.0|28.0|28.0|28.0|28.0|28.0|28.0|28.0|28.0|28.0|28.0|28.0|28.0|28.0|28.0|28.0|28.0|28.0|28.0|28.0|28.0|28.0|28.0|28.0|28.0|28.0|28.0|28.0|28.0|28.0|28.0|28.0|28.0|28.0|28.0|28.0|28.0|28.0|28.0|28.0|28.0|28.0|28.0|28.0|28.0|28.0
repair_swap,repair,swap,3,100,100,5,10,70,203,10203,10100,28,5,100.0,0|0|0|0|1|0|0|1|0|0|0|1|0|0|0|1|0|0|0|0|0|0|0|0|0|0|1|0|0|0,28,0|0|1|0|0|0|0|0|0|0|0|0|1|0|0|0|1|0|0|0|0|1|0|0|0|0|0|0|1|0,26.0|26.0|26.0|26.0|26.0|26.0|26.0|26.0|28.0|28.0|28.0|28.0|28.0|28.0|28.0|28.0|28.0|28.0|28.0|28.0|28.0|28.0|28.0|28.0|28.0|28.0|28.0|28.0|28.0|28.0|28.0|28.0|28.0|28.0|28.0|28.0|28.0|28.0|28.0|28.0|28.0|28.0|28.0|28.0|28.0|28.0|28.0|28.0|28.0|28.0|28.0|28.0|28.0|28.0|28.0|28.0|28.0|28.0|28.0|28.0|28.0|28.0|28.0|28.0|28.0|28.0|28.0|28.0|28.0|28.0|28.0|28.0|28.0|28.0|28.0|28.0|28.0|28.0|28.0|28.0|28.0|28.0|28.0|28.0|28.0|28.0|28.0|28.0|28.0|28.0|28.0|28.0|28.0|28.0|28.0|28.0|28.0|28.0|28.0|28.0|28.0
repair_swap,repair,swap,4,100,100,5,10,70,204,10204,10100,28,5,100.0,0|0|1|0|0|1|1|0|0|1|0|0|0|0|0|0|0|0|0|0|0|1|0|0|0|0|0|0|0|0,28,0|0|0|0|1|0|0|1|0|0|0|1|0|0|0|1|0|0|0|0|0|0|0|0|0|0|1|0|0|0,26.0|26.0|26.0|27.0|27.0|27.0|27.0|27.0|27.0|27.0|27.0|27.0|27.0|28.0|28.0|28.0|28.0|28.0|28.0|28.0|28.0|28.0|28.0|28.0|28.0|28.0|28.0|28.0|28.0|28.0|28.0|28.0|28.0|28.0|28.0|28.0|28.0|28.0|28.0|28.0|28.0|28.0|28.0|28.0|28.0|28.0|28.0|28.0|28.0|28.0|28.0|28.0|28.0|28.0|28.0|28.0|28.0|28.0|28.0|28.0|28.0|28.0|28.0|28.0|28.0|28.0|28.0|28.0|28.0|28.0|28.0|28.0|28.0|28.0|28.0|28.0|28.0|28.0|28.0|28.0|28.0|28.0|28.0|28.0|28.0|28.0|28.0|28.0|28.0|28.0|28.0|28.0|28.0|28.0|28.0|28.0|28.0|28.0|28.0|28.0|28.0
repair_swap,repair,swap,5,100,100,5,10,70,205,10205,10100,26,5,100.0,1|0|0|0|0|1|0|0|0|1|0|0|1|0|0|0|0|0|0|0|0|0|0|0|1|0|0|0|0|0,27,1|0|1|0|1|0|0|0|0|0|0|0|1|0|0|0|1|0|0|0|0|0|0|0|0|0|0|0|0|0,26.0|26.0|26.0|26.0|26.0|26.0|26.0|26.0|26.0|26.0|26.0|26.0|26.0|26.0|26.0|26.0|26.0|26.0|26.0|26.0|26.0|26.0|26.0|26.0|26.0|26.0|26.0|26.0|26.0|26.0|26.0|26.0|26.0|26.0|26.0|26.0|26.0|26.0|26.0|26.0|26.0|26.0|26.0|26.0|26.0|26.0|26.0|26.0|26.0|26.0|26.0|26.0|26.0|26.0|26.0|26.0|26.0|26.0|26.0|26.0|26.0|26.0|26.0|26.0|26.0|26.0|26.0|26.0|26.0|26.0|26.0|26.0|26.0|26.0|26.0|26.0|26.0|26.0|26.0|26.0|26.0|26.0|26.0|26.0|26.0|26.0|26.0|26.0|26.0|26.0|26.0|26.0|26.0|26.0|26.0|26.0|26.0|26.0|26.0|26.0|26.0
repair_swap,repair,swap,6,100,100,5,10,70,206,10206,10100,28,5,100.0,0|0|1|0|0|1|0|0|0|0|0|0|1|0|0|0|0|0|0|0|0|1|0|0|0|1|0|0|0|0,28,0|0|0|0|1|0|0|0|0|0|0|0|1|0|0|0|1|0|0|0|0|0|0|0|0|0|1|0|0|1,26.0|27.0|27.0|27.0|27.0|27.0|27.0|27.0|27.0|27.0|28.0|28.0|28.0|28.0|28.0|28.0|28.0|28.0|28.0|28.0|28.0|28.0|28.0|28.0|28.0|28.0|28.0|28.0|28.0|28.0|28.0|28.0|28.0|28.0|28.0|28.0|28.0|28.0|28.0|28.0|28.0|28.0|28.0|28.0|28.0|28.0|28.0|28.0|28.0|28.0|28.0|28.0|28.0|28.0|28.0|28.0|28.0|28.0|28.0|28.0|28.0|28.0|28.0|28.0|28.0|28.0|28.0|28.0|28.0|28.0|28.0|28.0|28.0|28.0|28.0|28.0|28.0|28.0|28.0|28.0|28.0|28.0|28.0|28.0|28.0|28.0|28.0|28.0|28.0|28.0|28.0|28.0|28.0|28.0|28.0|28.0|28.0|28.0|28.0|28.0|28.0
repair_swap,repair,swap,7,100,100,5,10,70,207,10207,10100,28,5,100.0,0|0|1|0|0|1|0|0|0|1|0|0|0|0|0|0|0|0|0|0|0|1|0|0|0|1|0|0|0|0,27,0|0|0|0|0|0|0|1|0|0|0|0|0|0|0|0|0|0|1|1|0|0|0|0|0|0|1|0|0|1,25.0|25.0|27.0|27.0|27.0|27.0|27.0|27.0|27.0|27.0|27.0|27.0|27.0|27.0|27.0|27.0|27.0|27.0|27.0|27.0|27.0|28.0|28.0|28.0|28.0|28.0|28.0|28.0|28.0|28.0|28.0|28.0|28.0|28.0|28.0|28.0|28.0|28.0|28.0|28.0|28.0|28.0|28.0|28.0|28.0|28.0|28.0|28.0|28.0|28.0|28.0|28.0|28.0|28.0|28.0|28.0|28.0|28.0|28.0|28.0|28.0|28.0|28.0|28.0|28.0|28.0|28.0|28.0|28.0|28.0|28.0|28.0|28.0|28.0|28.0|28.0|28.0|28.0|28.0|28.0|28.0|28.0|28.0|28.0|28.0|28.0|28.0|28.0|28.0|28.0|28.0|28.0|28.0|28.0|28.0|28.0|28.0|28.0|28.0|28.0|28.0
repair_swap,repair,swap,8,100,100,5,10,70,208,10208,10100,27,5,100.0,0|0|0|0|1|0|0|0|1|0|0|0|0|0|1|0|1|0|0|0|0|0|0|1|0|0|0|0|0|0,28,0|0|1|0|1|0|0|0|0|0|0|0|1|0|0|0|1|0|0|0|0|1|0|0|0|0|0|0|0|0,26.0|26.0|26.0|27.0|27.0|27.0|27.0|27.0|27.0|27.0|27.0|27.0|27.0|27.0|27.0|27.0|27.0|27.0|27.0|27.0|27.0|27.0|27.0|27.0|27.0|27.0|27.0|27.0|27.0|27.0|27.0|27.0|27.0|27.0|27.0|27.0|27.0|27.0|27.0|27.0|27.0|27.0|27.0|27.0|27.0|27.0|27.0|27.0|27.0|27.0|27.0|27.0|27.0|27.0|27.0|27.0|27.0|27.0|27.0|27.0|27.0|27.0|27.0|27.0|27.0|27.0|27.0|27.0|27.0|27.0|27.0|27.0|27.0|27.0|27.0|27.0|27.0|27.0|27.0|27.0|27.0|27.0|27.0|27.0|27.0|27.0|27.0|27.0|27.0|27.0|27.0|27.0|27.0|27.0|27.0|27.0|27.0|27.0|27.0|27.0|27.0
repair_swap,repair,swap,9,100,100,5,10,70,209,10209,10100,28,5,100.0,0|0|1|0|0|1|0|0|0|0|0|0|1|0|0|0|0|0|0|0|0|1|0|0|0|1|0|0|0|0,27,0|0|0|0|0|0|0|0|0|1|0|0|1|0|0|0|1|0|0|0|0|0|0|0|0|0|0|0|1|1,25.0|25.0|26.0|26.0|26.0|27.0|27.0|27.0|27.0|27.0|27.0|27.0|27.0|27.0|28.0|28.0|28.0|28.0|28.0|28.0|28.0|28.0|28.0|28.0|28.0|28.0|28.0|28.0|28.0|28.0|28.0|28.0|28.0|28.0|28.0|28.0|28.0|28.0|28.0|28.0|28.0|28.0|28.0|28.0|28.0|28.0|28.0|28.0|28.0|28.0|28.0|28.0|28.0|28.0|28.0|28.0|28.0|28.0|28.0|28.0|28.0|28.0|28.0|28.0|28.0|28.0|28.0|28.0|28.0|28.0|28.0|28.0|28.0|28.0|28.0|28.0|28.0|28.0|28.0|28.0|28.0|28.0|28.0|28.0|28.0|28.0|28.0|28.0|28.0|28.0|28.0|28.0|28.0|28.0|28.0|28.0|28.0|28.0|28.0|28.0|28.0
repair_swap,repair,swap,10,100,100,5,10,70,210,10210,10100,28,5,100.0,0|0|1|0|0|0|0|0|0|0|0|0|1|0|0|0|1|0|0|0|0|1|0|0|0|0|0|0|1|0,28,0|0|0|0|1|0|0|1|0|0|0|1|0|0|0|0|0|0|0|1|0|0|0|0|0|0|1|0|0|0,26.0|26.0|26.0|26.0|26.0|26.0|26.0|26.0|26.0|26.0|26.0|26.0|26.0|26.0|27.0|27.0|27.0|27.0|27.0|28.0|28.0|28.0|28.0|28.0|28.0|28.0|28.0|28.0|28.0|28.0|28.0|28.0|28.0|28.0|28.0|28.0|28.0|28.0|28.0|28.0|28.0|28.0|28.0|28.0|28.0|28.0|28.0|28.0|28.0|28.0|28.0|28.0|28.0|28.0|28.0|28.0|28.0|28.0|28.0|28.0|28.0|28.0|28.0|28.0|28.0|28.0|28.0|28.0|28.0|28.0|28.0|28.0|28.0|28.0|28.0|28.0|28.0|28.0|28.0|28.0|28.0|28.0|28.0|28.0|28.0|28.0|28.0|28.0|28.0|28.0|28.0|28.0|28.0|28.0|28.0|28.0|28.0|28.0|28.0|28.0|28.0
repair_swap,repair,swap,11,100,100,5,10,70,211,10211,10100,27,5,100.0,0|0|0|0|1|0|0|0|1|0|0|0|0|1|0|0|1|0|0|0|0|1|0|0|0|0|0|0|0|0,28,0|0|0|0|1|0|0|1|0|0|0|1|0|0|0|1|0|0|0|0|0|0|0|0|0|0|1|0|0|0,26.0|26.0|26.0|26.0|26.0|26.0|26.0|26.0|26.0|26.0|26.0|26.0|26.0|26.0|27.0|27.0|27.0|27.0|27.0|27.0|27.0|27.0|27.0|27.0|27.0|27.0|27.0|27.0|27.0|27.0|27.0|27.0|27.0|27.0|27.0|27.0|27.0|27.0|27.0|27.0|27.0|27.0|27.0|27.0|27.0|27.0|27.0|27.0|27.0|27.0|27.0|27.0|27.0|27.0|27.0|27.0|27.0|27.0|27.0|27.0|27.0|27.0|27.0|27.0|27.0|27.0|27.0|27.0|27.0|27.0|27.0|27.0|27.0|27.0|27.0|27.0|27.0|27.0|27.0|27.0|27.0|27.0|27.0|27.0|27.0|27.0|27.0|27.0|27.0|27.0|27.0|27.0|27.0|27.0|27.0|27.0|27.0|27.0|27.0|27.0|27.0
repair_swap,repair,swap,12,100,100,5,10,70,212,10212,10100,28,5,100.0,0|0|1|0|0|0|0|0|0|0|0|0|1|0|0|0|1|0|0|0|0|1|0|0|0|0|0|0|1|0,28,0|0|0|0|1|0|0|1|0|0|0|0|0|0|0|0|1|0|0|0|0|0|0|0|0|0|1|0|0|1,26.0|26.0|26.0|26.0|26.0|26.0|27.0|27.0|27.0|27.0|27.0|27.0|27.0|27.0|27.0|27.0|27.0|27.0|27.0|27.0|27.0|27.0|27.0|27.0|27.0|27.0|27.0|27.0|27.0|27.0|27.0|27.0|28.0|28.0|28.0|28.0|28.0|28.0|28.0|28.0|28.0|28.0|28.0|28.0|28.0|28.0|28.0|28.0|28.0|28.0|28.0|28.0|28.0|28.0|28.0|28.0|28.0|28.0|28.0|28.0|28.0|28.0|28.0|28.0|28.0|28.0|28.0|28.0|28.0|28.0|28.0|28.0|28.0|28.0|28.0|28.0|28.0|28.0|28.0|28.0|28.0|28.0|28.0|28.0|28.0|28.0|28.0|28.0|28.0|28.0|28.0|28.0|28.0|28.0|28.0|28.0|28.0|28.0|28.0|28.0|28.0
repair_swap,repair,swap,13,100,100,5,10,70,213,10213,10100,28,5,100.0,0|0|1|0|1|0|0|1|0|0|0|0|0|0|0|0|1|0|0|0|0|1|0|0|0|0|0|0|0|0,28,0|0|1|0|0|1|1|0|0|1|0|0|0|0|0|0|0|0|0|0|0|1|0|0|0|0|0|0|0|0,24.0|24.0|25.0|27.0|27.0|27.0|27.0|27.0|27.0|27.0|27.0|27.0|27.0|27.0|27.0|27.0|28.0|28.0|28.0|28.0|28.0|28.0|28.0|28.0|28.0|28.0|28.0|28.0|28.0|28.0|28.0|28.0|28.0|28.0|28.0|28.0|28.0|28.0|28.0|28.0|28.0|28.0|28.0|28.0|28.0|28.0|28.0|28.0|28.0|28.0|28.0|28.0|28.0|28.0|28.0|28.0|28.0|28.0|28.0|28.0|28.0|28.0|28.0|28.0|28.0|28.0|28.0|28.0|28.0|28.0|28.0|28.0|28.0|28.0|28.0|28.0|28.0|28.0|28.0|28.0|28.0|28.0|28.0|28.0|28.0|28.0|28.0|28.0|28.0|28.0|28.0|28.0|28.0|28.0|28.0|28.0|28.0|28.0|28.0|28.0|28.0
repair_swap,repair,swap,14,100,100,5,10,70,214,10214,10100,28,5,100.0,0|0|1|0|0|0|0|0|0|1|0|0|1|0|0|0|1|0|0|0|0|1|0|0|0|0|0|0|0|0,27,0|0|1|0|1|0|0|0|0|0|0|0|0|1|0|0|1|0|0|0|0|1|0|0|0|0|0|0|0|0,25.0|25.0|25.0|26.0|26.0|26.0|26.0|27.0|27.0|28.0|28.0|28.0|28.0|28.0|28.0|28.0|28.0|28.0|28.0|28.0|28.0|28.0|28.0|28.0|28.0|28.0|28.0|28.0|28.0|28.0|28.0|28.0|28.0|28.0|28.0|28.0|28.0|28.0|28.0|28.0|28.0|28.0|28.0|28.0|28.0|28.0|28.0|28.0|28.0|28.0|28.0|28.0|28.0|28.0|28.0|28.0|28.0|28.0|28.0|28.0|28.0|28.0|28.0|28.0|28.0|28.0|28.0|28.0|28.0|28.0|28.0|28.0|28.0|28.0|28.0|28.0|28.0|28.0|28.0|28.0|28.0|28.0|28.0|28.0|28.0|28.0|28.0|28.0|28.0|28.0|28.0|28.0|28.0|28.0|28.0|28.0|28.0|28.0|28.0|28.0|28.0
repair_swap,repair,swap,15,100,100,5,10,70,215,10215,10100,27,5,100.0,0|0|0|0|0|1|0|1|0|0|0|0|0|0|0|0|0|0|0|0|0|1|0|0|0|0|1|0|0|1,28,0|0|1|0|0|0|0|0|0|0|0|0|1|0|0|0|1|0|0|0|0|1|0|0|0|0|0|0|1|0,27.0|27.0|27.0|27.0|27.0|27.0|27.0|27.0|27.0|27.0|27.0|27.0|27.0|27.0|27.0|27.0|27.0|27.0|27.0|27.0|27.0|27.0|27.0|27.0|27.0|27.0|27.0|27.0|27.0|27.0|27.0|27.0|27.0|27.0|27.0|27.0|27.0|27.0|27.0|27.0|27.0|27.0|27.0|27.0|27.0|27.0|27.0|27.0|27.0|27.0|27.0|27.0|27.0|27.0|27.0|27.0|27.0|27.0|27.0|27.0|27.0|27.0|27.0|27.0|27.0|27.0|27.0|27.0|27.0|27.0|27.0|27.0|27.0|27.0|27.0|27.0|27.0|27.0|27.0|27.0|27.0|27.0|27.0|27.0|27.0|27.0|27.0|27.0|27.0|27.0|27.0|27.0|27.0|27.0|27.0|27.0|27.0|27.0|27.0|27.0|27.0
repair_swap,repair,swap,16,100,100,5,10,70,216,10216,10100,28,5,100.0,0|0|0|0|1|0|0|0|0|0|0|0|1|0|0|0|1|0|0|0|0|0|0|0|0|0|1|0|0|1,28,0|0|0|0|1|0|0|0|1|0|0|0|0|0|1|0|0|0|0|0|0|1|0|0|0|1|0|0|0|0,25.0|25.0|26.0|26.0|26.0|26.0|26.0|27.0|27.0|27.0|27.0|27.0|27.0|27.0|27.0|27.0|27.0|27.0|27.0|27.0|27.0|27.0|27.0|27.0|27.0|27.0|27.0|27.0|27.0|27.0|27.0|27.0|27.0|27.0|28.0|28.0|28.0|28.0|28.0|28.0|28.0|28.0|28.0|28.0|28.0|28.0|28.0|28.0|28.0|28.0|28.0|28.0|28.0|28.0|28.0|28.0|28.0|28.0|28.0|28.0|28.0|28.0|28.0|28.0|28.0|28.0|28.0|28.0|28.0|28.0|28.0|28.0|28.0|28.0|28.0|28.0|28.0|28.0|28.0|28.0|28.0|28.0|28.0|28.0|28.0|28.0|28.0|28.0|28.0|28.0|28.0|28.0|28.0|28.0|28.0|28.0|28.0|28.0|28.0|28.0|28.0
repair_swap,repair,swap,17,100,100,5,10,70,217,10217,10100,28,5,100.0,0|0|1|0|0|1|1|0|0|1|0|0|0|0|0|0|0|0|0|0|0|1|0|0|0|0|0|0|0|0,27,0|0|0|0|1|0|0|0|1|0|0|0|0|0|0|0|1|0|0|0|0|1|0|0|0|0|1|0|0|0,26.0|26.0|26.0|26.0|26.0|26.0|26.0|26.0|26.0|26.0|26.0|26.0|27.0|27.0|27.0|27.0|27.0|27.0|27.0|27.0|27.0|27.0|28.0|28.0|28.0|28.0|28.0|28.0|28.0|28.0|28.0|28.0|28.0|28.0|28.0|28.0|28.0|28.0|28.0|28.0|28.0|28.0|28.0|28.0|28.0|28.0|28.0|28.0|28.0|28.0|28.0|28.0|28.0|28.0|28.0|28.0|28.0|28.0|28.0|28.0|28.0|28.0|28.0|28.0|28.0|28.0|28.0|28.0|28.0|28.0|28.0|28.0|28.0|28.0|28.0|28.0|28.0|28.0|28.0|28.0|28.0|28.0|28.0|28.0|28.0|28.0|28.0|28.0|28.0|28.0|28.0|28.0|28.0|28.0|28.0|28.0|28.0|28.0|28.0|28.0|28.0
repair_swap,repair,swap,18,100,100,5,10,70,218,10218,10100,28,5,100.0,0|0|1|0|0|1|0|0|0|0|0|0|1|0|0|0|0|0|0|0|0|1|0|0|0|1|0|0|0|0,28,0|0|0|0|1|0|0|1|0|0|0|0|0|0|0|0|1|0|0|0|0|0|0|0|0|0|1|0|0|1,26.0|26.0|26.0|26.0|26.0|26.0|26.0|26.0|26.0|26.0|26.0|26.0|26.0|27.0|27.0|27.0|27.0|27.0|27.0|27.0|27.0|27.0|27.0|27.0|27.0|27.0|27.0|27.0|27.0|27.0|27.0|27.0|27.0|27.0|27.0|27.0|27.0|27.0|27.0|27.0|27.0|27.0|27.0|27.0|27.0|27.0|27.0|27.0|27.0|27.0|27.0|27.0|27.0|27.0|27.0|27.0|27.0|27.0|27.0|27.0|28.0|28.0|28.0|28.0|28.0|28.0|28.0|28.0|28.0|28.0|28.0|28.0|28.0|28.0|28.0|28.0|28.0|28.0|28.0|28.0|28.0|28.0|28.0|28.0|28.0|28.0|28.0|28.0|28.0|28.0|28.0|28.0|28.0|28.0|28.0|28.0|28.0|28.0|28.0|28.0|28.0
repair_swap,repair,swap,19,100,100,5,10,70,219,10219,10100,28,5,100.0,0|0|1|0|1|0|0|0|0|0|0|0|1|0|0|0|1|0|0|0|0|1|0|0|0|0|0|0|0|0,28,0|0|0|0|1|0|0|1|0|0|0|0|0|0|0|1|0|0|0|0|0|1|0|0|0|0|1|0|0|0,25.0|25.0|25.0|25.0|25.0|25.0|25.0|27.0|27.0|27.0|27.0|27.0|27.0|27.0|27.0|27.0|27.0|27.0|27.0|27.0|27.0|27.0|27.0|27.0|27.0|27.0|27.0|27.0|28.0|28.0|28.0|28.0|28.0|28.0|28.0|28.0|28.0|28.0|28.0|28.0|28.0|28.0|28.0|28.0|28.0|28.0|28.0|28.0|28.0|28.0|28.0|28.0|28.0|28.0|28.0|28.0|28.0|28.0|28.0|28.0|28.0|28.0|28.0|28.0|28.0|28.0|28.0|28.0|28.0|28.0|28.0|28.0|28.0|28.0|28.0|28.0|28.0|28.0|28.0|28.0|28.0|28.0|28.0|28.0|28.0|28.0|28.0|28.0|28.0|28.0|28.0|28.0|28.0|28.0|28.0|28.0|28.0|28.0|28.0|28.0|28.0
repair_swap,repair,swap,20,100,100,5,10,70,220,10220,10100,28,5,100.0,0|0|0|0|1|0|0|1|0|0|0|1|0|0|0|0|1|0|0|0|0|0|0|0|0|0|1|0|0|0,28,0|0|0|0|1|0|0|1|0|0|0|1|0|0|0|1|0|0|0|0|0|0|0|0|0|0|1|0|0|0,25.0|25.0|27.0|27.0|27.0|27.0|27.0|27.0|27.0|27.0|28.0|28.0|28.0|28.0|28.0|28.0|28.0|28.0|28.0|28.0|28.0|28.0|28.0|28.0|28.0|28.0|28.0|28.0|28.0|28.0|28.0|28.0|28.0|28.0|28.0|28.0|28.0|28.0|28.0|28.0|28.0|28.0|28.0|28.0|28.0|28.0|28.0|28.0|28.0|28.0|28.0|28.0|28.0|28.0|28.0|28.0|28.0|28.0|28.0|28.0|28.0|28.0|28.0|28.0|28.0|28.0|28.0|28.0|28.0|28.0|28.0|28.0|28.0|28.0|28.0|28.0|28.0|28.0|28.0|28.0|28.0|28.0|28.0|28.0|28.0|28.0|28.0|28.0|28.0|28.0|28.0|28.0|28.0|28.0|28.0|28.0|28.0|28.0|28.0|28.0|28.0
penalty_swap,penalty,swap,1,100,100,5,10,70,201,10201,10100,28,5,100.0,0|0|0|0|1|0|0|0|1|0|0|1|0|0|0|0|1|0|0|0|0|0|0|0|0|0|1|0|0|0,28,0|0|1|0|1|0|0|0|0|0|0|0|1|0|0|0|1|0|0|0|0|1|0|0|0|0|0|0|0|0,26.0|26.0|26.0|26.0|26.0|26.0|26.0|26.0|26.0|26.0|26.0|26.0|26.0|26.0|26.0|27.0|27.0|27.0|27.0|27.0|27.0|27.0|27.0|27.0|27.0|27.0|27.0|27.0|27.0|27.0|27.0|27.0|27.0|27.0|27.0|27.0|27.0|27.0|27.0|27.0|28.0|28.0|28.0|28.0|28.0|28.0|28.0|28.0|28.0|28.0|28.0|28.0|28.0|28.0|28.0|28.0|28.0|28.0|28.0|28.0|28.0|28.0|28.0|28.0|28.0|28.0|28.0|28.0|28.0|28.0|28.0|28.0|28.0|28.0|28.0|28.0|28.0|28.0|28.0|28.0|28.0|28.0|28.0|28.0|28.0|28.0|28.0|28.0|28.0|28.0|28.0|28.0|28.0|28.0|28.0|28.0|28.0|28.0|28.0|28.0|28.0
penalty_swap,penalty,swap,2,100,100,5,10,70,202,10202,10100,28,5,100.0,0|0|0|0|1|0|0|1|0|0|0|1|0|0|0|0|0|0|0|1|0|0|0|0|0|0|1|0|0|0,28,0|0|0|0|1|0|0|0|0|0|0|1|1|0|0|0|1|0|0|0|0|0|0|0|0|0|1|0|0|0,26.0|26.0|26.0|26.0|26.0|26.0|26.0|26.0|27.0|27.0|27.0|27.0|27.0|27.0|27.0|27.0|27.0|27.0|27.0|27.0|27.0|27.0|27.0|27.0|27.0|27.0|27.0|27.0|27.0|27.0|27.0|27.0|27.0|27.0|27.0|27.0|27.0|27.0|27.0|27.0|27.0|27.0|27.0|27.0|27.0|27.0|27.0|27.0|27.0|27.0|28.0|28.0|28.0|28.0|28.0|28.0|28.0|28.0|28.0|28.0|28.0|28.0|28.0|28.0|28.0|28.0|28.0|28.0|28.0|28.0|28.0|28.0|28.0|28.0|28.0|28.0|28.0|28.0|28.0|28.0|28.0|28.0|28.0|28.0|28.0|28.0|28.0|28.0|28.0|28.0|28.0|28.0|28.0|28.0|28.0|28.0|28.0|28.0|28.0|28.0|28.0
penalty_swap,penalty,swap,3,100,100,5,10,70,203,10203,10100,28,5,100.0,0|0|0|0|1|0|0|1|0|0|0|0|0|0|0|1|0|0|0|0|0|1|0|0|0|0|1|0|0|0,28,0|0|1|0|0|0|0|0|0|0|0|0|1|0|0|0|1|0|0|0|0|1|0|0|0|0|0|0|1|0,26.0|26.0|26.0|26.0|26.0|26.0|26.0|26.0|26.0|26.0|26.0|26.0|27.0|27.0|27.0|27.0|27.0|27.0|27.0|27.0|27.0|27.0|27.0|27.0|27.0|27.0|27.0|27.0|27.0|27.0|27.0|27.0|27.0|27.0|27.0|27.0|27.0|27.0|27.0|27.0|27.0|27.0|27.0|27.0|27.0|27.0|27.0|27.0|27.0|27.0|27.0|27.0|27.0|27.0|27.0|27.0|27.0|27.0|27.0|27.0|27.0|27.0|27.0|27.0|27.0|27.0|27.0|27.0|27.0|27.0|27.0|27.0|27.0|28.0|28.0|28.0|28.0|28.0|28.0|28.0|28.0|28.0|28.0|28.0|28.0|28.0|28.0|28.0|28.0|28.0|28.0|28.0|28.0|28.0|28.0|28.0|28.0|28.0|28.0|28.0|28.0
penalty_swap,penalty,swap,4,100,100,5,10,70,204,10204,10100,28,5,100.0,0|0|1|0|0|1|0|0|0|0|0|0|1|0|0|0|0|0|0|0|0|1|0|0|0|1|0|0|0|0,28,0|0|0|0|1|0|0|1|0|0|0|1|0|0|0|1|0|0|0|0|0|0|0|0|0|0|1|0|0|0,26.0|26.0|26.0|26.0|26.0|26.0|26.0|26.0|26.0|26.0|27.0|27.0|27.0|27.0|27.0|28.0|28.0|28.0|28.0|28.0|28.0|28.0|28.0|28.0|28.0|28.0|28.0|28.0|28.0|28.0|28.0|28.0|28.0|28.0|28.0|28.0|28.0|28.0|28.0|28.0|28.0|28.0|28.0|28.0|28.0|28.0|28.0|28.0|28.0|28.0|28.0|28.0|28.0|28.0|28.0|28.0|28.0|28.0|28.0|28.0|28.0|28.0|28.0|28.0|28.0|28.0|28.0|28.0|28.0|28.0|28.0|28.0|28.0|28.0|28.0|28.0|28.0|28.0|28.0|28.0|28.0|28.0|28.0|28.0|28.0|28.0|28.0|28.0|28.0|28.0|28.0|28.0|28.0|28.0|28.0|28.0|28.0|28.0|28.0|28.0|28.0
penalty_swap,penalty,swap,5,100,100,5,10,70,205,10205,10100,26,5,100.0,1|0|0|0|0|1|0|0|0|1|0|0|1|0|0|0|0|0|0|0|0|0|0|0|1|0|0|0|0|0,27,1|0|1|0|1|0|0|0|0|0|0|0|1|0|0|0|1|0|0|0|0|0|0|0|0|0|0|0|0|0,26.0|26.0|26.0|26.0|26.0|26.0|26.0|26.0|26.0|26.0|26.0|26.0|26.0|26.0|26.0|26.0|26.0|26.0|26.0|26.0|26.0|26.0|26.0|26.0|26.0|26.0|26.0|26.0|26.0|26.0|26.0|26.0|26.0|26.0|26.0|26.0|26.0|26.0|26.0|26.0|26.0|26.0|26.0|26.0|26.0|26.0|26.0|26.0|26.0|26.0|26.0|26.0|26.0|26.0|26.0|26.0|26.0|26.0|26.0|26.0|26.0|26.0|26.0|26.0|26.0|26.0|26.0|26.0|26.0|26.0|26.0|26.0|26.0|26.0|26.0|26.0|26.0|26.0|26.0|26.0|26.0|26.0|26.0|26.0|26.0|26.0|26.0|26.0|26.0|26.0|26.0|26.0|26.0|26.0|26.0|26.0|26.0|26.0|26.0|26.0|26.0
penalty_swap,penalty,swap,6,100,100,5,10,70,206,10206,10100,28,5,100.0,0|0|1|0|0|1|0|0|0|1|0|0|0|0|0|0|0|0|0|0|0|1|0|0|0|1|0|0|0|0,28,0|0|0|0|1|0|0|0|0|0|0|0|1|0|0|0|1|0|0|0|0|0|0|0|0|0|1|0|0|1,26.0|26.0|26.0|26.0|26.0|26.0|26.0|26.0|26.0|26.0|26.0|27.0|27.0|27.0|27.0|27.0|27.0|27.0|27.0|27.0|27.0|27.0|27.0|27.0|27.0|27.0|27.0|27.0|27.0|27.0|28.0|28.0|28.0|28.0|28.0|28.0|28.0|28.0|28.0|28.0|28.0|28.0|28.0|28.0|28.0|28.0|28.0|28.0|28.0|28.0|28.0|28.0|28.0|28.0|28.0|28.0|28.0|28.0|28.0|28.0|28.0|28.0|28.0|28.0|28.0|28.0|28.0|28.0|28.0|28.0|28.0|28.0|28.0|28.0|28.0|28.0|28.0|28.0|28.0|28.0|28.0|28.0|28.0|28.0|28.0|28.0|28.0|28.0|28.0|28.0|28.0|28.0|28.0|28.0|28.0|28.0|28.0|28.0|28.0|28.0|28.0
penalty_swap,penalty,swap,7,100,100,5,10,70,207,10207,10100,27,5,98.0,0|0|1|0|0|1|0|1|0|0|0|0|0|0|0|0|1|0|0|0|0|1|0|0|0|0|0|0|0|0,27,0|0|0|0|0|0|0|1|0|0|0|0|0|0|0|0|0|0|1|1|0|0|0|0|0|0|1|0|0|1,25.0|25.0|25.0|26.0|26.0|27.0|27.0|27.0|27.0|27.0|27.0|27.0|27.0|27.0|27.0|27.0|27.0|27.0|27.0|27.0|27.0|27.0|27.0|27.0|27.0|27.0|27.0|27.0|27.0|27.0|27.0|27.0|27.0|27.0|27.0|27.0|27.0|27.0|27.0|27.0|27.0|27.0|27.0|27.0|27.0|27.0|27.0|27.0|27.0|27.0|27.0|27.0|27.0|27.0|27.0|27.0|27.0|27.0|27.0|27.0|27.0|27.0|27.0|27.0|27.0|27.0|27.0|27.0|27.0|27.0|27.0|27.0|27.0|27.0|27.0|27.0|27.0|27.0|27.0|27.0|27.0|27.0|27.0|27.0|27.0|27.0|27.0|27.0|27.0|27.0|27.0|27.0|27.0|27.0|27.0|27.0|27.0|27.0|27.0|27.0|27.0
penalty_swap,penalty,swap,8,100,100,5,10,70,208,10208,10100,28,5,100.0,0|0|0|0|1|0|0|1|0|0|0|0|0|0|0|1|0|0|0|0|0|1|0|0|0|0|1|0|0|0,28,0|0|1|0|1|0|0|0|0|0|0|0|1|0|0|0|1|0|0|0|0|1|0|0|0|0|0|0|0|0,26.0|26.0|26.0|26.0|26.0|26.0|27.0|27.0|27.0|27.0|27.0|27.0|27.0|27.0|27.0|27.0|28.0|28.0|28.0|28.0|28.0|28.0|28.0|28.0|28.0|28.0|28.0|28.0|28.0|28.0|28.0|28.0|28.0|28.0|28.0|28.0|28.0|28.0|28.0|28.0|28.0|28.0|28.0|28.0|28.0|28.0|28.0|28.0|28.0|28.0|28.0|28.0|28.0|28.0|28.0|28.0|28.0|28.0|28.0|28.0|28.0|28.0|28.0|28.0|28.0|28.0|28.0|28.0|28.0|28.0|28.0|28.0|28.0|28.0|28.0|28.0|28.0|28.0|28.0|28.0|28.0|28.0|28.0|28.0|28.0|28.0|28.0|28.0|28.0|28.0|28.0|28.0|28.0|28.0|28.0|28.0|28.0|28.0|28.0|28.0|28.0
penalty_swap,penalty,swap,9,100,100,5,10,70,209,10209,10100,28,5,100.0,0|0|1|0|0|1|1|0|0|1|0|0|0|0|0|0|0|0|0|0|0|1|0|0|0|0|0|0|0|0,27,0|0|0|0|0|0|0|0|0|1|0|0|1|0|0|0|1|0|0|0|0|0|0|0|0|0|0|0|1|1,25.0|25.0|25.0|25.0|25.0|25.0|25.0|26.0|26.0|26.0|26.0|26.0|26.0|26.0|26.0|26.0|26.0|26.0|26.0|26.0|26.0|26.0|26.0|26.0|26.0|26.0|27.0|27.0|27.0|27.0|27.0|27.0|27.0|27.0|27.0|27.0|27.0|27.0|27.0|27.0|27.0|27.0|27.0|27.0|27.0|27.0|27.0|28.0|28.0|28.0|28.0|28.0|28.0|28.0|28.0|28.0|28.0|28.0|28.0|28.0|28.0|28.0|28.0|28.0|28.0|28.0|28.0|28.0|28.0|28.0|28.0|28.0|28.0|28.0|28.0|28.0|28.0|28.0|28.0|28.0|28.0|28.0|28.0|28.0|28.0|28.0|28.0|28.0|28.0|28.0|28.0|28.0|28.0|28.0|28.0|28.0|28.0|28.0|28.0|28.0|28.0
penalty_swap,penalty,swap,10,100,100,5,10,70,210,10210,10100,28,5,98.0,0|0|0|0|1|0|0|0|0|0|0|0|1|0|0|0|1|0|0|0|0|0|0|0|0|0|1|0|0|1,28,0|0|0|0|1|0|0|1|0|0|0|1|0|0|0|0|0|0|0|1|0|0|0|0|0|0|1|0|0|0,26.0|26.0|26.0|26.0|26.0|26.0|26.0|26.0|26.0|26.0|26.0|26.0|26.0|26.0|26.0|26.0|26.0|26.0|26.0|26.0|26.0|26.0|27.0|28.0|28.0|28.0|28.0|28.0|28.0|28.0|28.0|28.0|28.0|28.0|28.0|28.0|28.0|28.0|28.0|28.0|28.0|28.0|28.0|28.0|28.0|28.0|28.0|28.0|28.0|28.0|28.0|28.0|28.0|28.0|28.0|28.0|28.0|28.0|28.0|28.0|28.0|28.0|28.0|28.0|28.0|28.0|28.0|28.0|28.0|28.0|28.0|28.0|28.0|28.0|28.0|28.0|28.0|28.0|28.0|28.0|28.0|28.0|28.0|28.0|28.0|28.0|28.0|28.0|28.0|28.0|28.0|28.0|28.0|28.0|28.0|28.0|28.0|28.0|28.0|28.0|28.0
penalty_swap,penalty,swap,11,100,100,5,10,70,211,10211,10100,28,5,100.0,0|0|0|0|1|0|0|0|1|0|0|1|0|0|0|0|1|0|0|0|0|0|0|0|0|0|1|0|0|0,28,0|0|0|0|1|0|0|1|0|0|0|1|0|0|0|1|0|0|0|0|0|0|0|0|0|0|1|0|0|0,26.0|26.0|26.0|26.0|26.0|26.0|26.0|26.0|26.0|26.0|26.0|26.0|26.0|26.0|26.0|26.0|26.0|26.0|26.0|26.0|26.0|26.0|26.0|26.0|26.0|26.0|26.0|26.0|26.0|26.0|26.0|26.0|26.0|26.0|26.0|26.0|26.0|27.0|27.0|27.0|27.0|27.0|27.0|27.0|27.0|27.0|27.0|27.0|27.0|27.0|27.0|27.0|27.0|27.0|27.0|27.0|27.0|27.0|27.0|27.0|27.0|27.0|27.0|27.0|28.0|28.0|28.0|28.0|28.0|28.0|28.0|28.0|28.0|28.0|28.0|28.0|28.0|28.0|28.0|28.0|28.0|28.0|28.0|28.0|28.0|28.0|28.0|28.0|28.0|28.0|28.0|28.0|28.0|28.0|28.0|28.0|28.0|28.0|28.0|28.0|28.0
penalty_swap,penalty,swap,12,100,100,5,10,70,212,10212,10100,28,5,99.0,0|0|1|0|0|0|0|0|0|0|0|0|1|0|0|0|1|0|0|0|0|1|0|0|0|0|0|0|1|0,28,0|0|0|0|1|0|0|1|0|0|0|0|0|0|0|0|1|0|0|0|0|0|0|0|0|0|1|0|0|1,26.0|26.0|26.0|26.0|26.0|26.0|26.0|26.0|26.0|26.0|26.0|27.0|27.0|27.0|27.0|27.0|27.0|27.0|27.0|27.0|27.0|27.0|27.0|27.0|27.0|27.0|27.0|27.0|27.0|27.0|27.0|27.0|27.0|27.0|27.0|27.0|27.0|27.0|27.0|27.0|27.0|27.0|27.0|27.0|27.0|27.0|27.0|27.0|27.0|27.0|27.0|27.0|27.0|27.0|27.0|27.0|28.0|28.0|28.0|28.0|28.0|28.0|28.0|28.0|28.0|28.0|28.0|28.0|28.0|28.0|28.0|28.0|28.0|28.0|28.0|28.0|28.0|28.0|28.0|28.0|28.0|28.0|28.0|28.0|28.0|28.0|28.0|28.0|28.0|28.0|28.0|28.0|28.0|28.0|28.0|28.0|28.0|28.0|28.0|28.0|28.0
penalty_swap,penalty,swap,13,100,100,5,10,70,213,10213,10100,28,5,100.0,0|0|1|0|0|0|0|0|0|1|0|0|1|0|0|0|1|0|0|0|0|1|0|0|0|0|0|0|0|0,28,0|0|1|0|0|1|1|0|0|1|0|0|0|0|0|0|0|0|0|0|0|1|0|0|0|0|0|0|0|0,24.0|24.0|24.0|24.0|24.0|25.0|26.0|26.0|26.0|26.0|26.0|26.0|26.0|26.0|26.0|26.0|27.0|27.0|27.0|27.0|27.0|27.0|27.0|27.0|27.0|27.0|27.0|27.0|27.0|27.0|27.0|27.0|27.0|27.0|27.0|27.0|27.0|27.0|27.0|27.0|27.0|27.0|27.0|27.0|27.0|28.0|28.0|28.0|28.0|28.0|28.0|28.0|28.0|28.0|28.0|28.0|28.0|28.0|28.0|28.0|28.0|28.0|28.0|28.0|28.0|28.0|28.0|28.0|28.0|28.0|28.0|28.0|28.0|28.0|28.0|28.0|28.0|28.0|28.0|28.0|28.0|28.0|28.0|28.0|28.0|28.0|28.0|28.0|28.0|28.0|28.0|28.0|28.0|28.0|28.0|28.0|28.0|28.0|28.0|28.0|28.0
penalty_swap,penalty,swap,14,100,100,5,10,70,214,10214,10100,27,5,99.0,0|0|0|0|1|0|0|0|1|0|0|0|0|0|1|0|1|0|0|0|0|0|0|1|0|0|0|0|0|0,27,0|0|1|0|1|0|0|0|0|0|0|0|0|1|0|0|1|0|0|0|0|1|0|0|0|0|0|0|0|0,25.0|25.0|25.0|25.0|27.0|27.0|27.0|27.0|27.0|27.0|27.0|27.0|27.0|27.0|27.0|27.0|27.0|27.0|27.0|27.0|27.0|27.0|27.0|27.0|27.0|27.0|27.0|27.0|27.0|27.0|27.0|27.0|27.0|27.0|27.0|27.0|27.0|27.0|27.0|27.0|27.0|27.0|27.0|27.0|27.0|27.0|27.0|27.0|27.0|27.0|27.0|27.0|27.0|27.0|27.0|27.0|27.0|27.0|27.0|27.0|27.0|27.0|27.0|27.0|27.0|27.0|27.0|27.0|27.0|27.0|27.0|27.0|27.0|27.0|27.0|27.0|27.0|27.0|27.0|27.0|27.0|27.0|27.0|27.0|27.0|27.0|27.0|27.0|27.0|27.0|27.0|27.0|27.0|27.0|27.0|27.0|27.0|27.0|27.0|27.0|27.0
penalty_swap,penalty,swap,15,100,100,5,10,70,215,10215,10100,27,5,100.0,0|0|0|0|0|1|0|1|0|0|0|0|0|0|0|0|0|0|0|0|0|1|0|0|0|0|1|0|0|1,28,0|0|1|0|0|0|0|0|0|0|0|0|1|0|0|0|1|0|0|0|0|1|0|0|0|0|0|0|1|0,27.0|27.0|27.0|27.0|27.0|27.0|27.0|27.0|27.0|27.0|27.0|27.0|27.0|27.0|27.0|27.0|27.0|27.0|27.0|27.0|27.0|27.0|27.0|27.0|27.0|27.0|27.0|27.0|27.0|27.0|27.0|27.0|27.0|27.0|27.0|27.0|27.0|27.0|27.0|27.0|27.0|27.0|27.0|27.0|27.0|27.0|27.0|27.0|27.0|27.0|27.0|27.0|27.0|27.0|27.0|27.0|27.0|27.0|27.0|27.0|27.0|27.0|27.0|27.0|27.0|27.0|27.0|27.0|27.0|27.0|27.0|27.0|27.0|27.0|27.0|27.0|27.0|27.0|27.0|27.0|27.0|27.0|27.0|27.0|27.0|27.0|27.0|27.0|27.0|27.0|27.0|27.0|27.0|27.0|27.0|27.0|27.0|27.0|27.0|27.0|27.0
penalty_swap,penalty,swap,16,100,100,5,10,70,216,10216,10100,28,5,100.0,0|0|0|0|1|0|0|0|1|0|0|0|0|0|0|0|1|0|0|0|0|0|0|0|0|0|1|0|0|1,28,0|0|0|0|1|0|0|0|1|0|0|0|0|0|1|0|0|0|0|0|0|1|0|0|0|1|0|0|0|0,25.0|25.0|25.0|27.0|27.0|27.0|27.0|27.0|27.0|27.0|27.0|27.0|27.0|27.0|27.0|27.0|27.0|27.0|27.0|27.0|27.0|27.0|27.0|27.0|27.0|27.0|27.0|27.0|27.0|27.0|28.0|28.0|28.0|28.0|28.0|28.0|28.0|28.0|28.0|28.0|28.0|28.0|28.0|28.0|28.0|28.0|28.0|28.0|28.0|28.0|28.0|28.0|28.0|28.0|28.0|28.0|28.0|28.0|28.0|28.0|28.0|28.0|28.0|28.0|28.0|28.0|28.0|28.0|28.0|28.0|28.0|28.0|28.0|28.0|28.0|28.0|28.0|28.0|28.0|28.0|28.0|28.0|28.0|28.0|28.0|28.0|28.0|28.0|28.0|28.0|28.0|28.0|28.0|28.0|28.0|28.0|28.0|28.0|28.0|28.0|28.0
penalty_swap,penalty,swap,17,100,100,5,10,70,217,10217,10100,28,5,100.0,0|0|1|0|0|1|1|0|0|1|0|0|0|0|0|0|0|0|0|0|0|1|0|0|0|0|0|0|0|0,27,0|0|0|0|1|0|0|0|1|0|0|0|0|0|0|0|1|0|0|0|0|1|0|0|0|0|1|0|0|0,26.0|26.0|26.0|26.0|26.0|26.0|26.0|26.0|26.0|26.0|26.0|26.0|27.0|27.0|27.0|27.0|27.0|27.0|27.0|27.0|27.0|27.0|27.0|27.0|27.0|27.0|27.0|27.0|27.0|27.0|27.0|27.0|27.0|27.0|27.0|27.0|27.0|27.0|27.0|27.0|27.0|27.0|27.0|27.0|27.0|27.0|27.0|27.0|27.0|27.0|27.0|27.0|27.0|27.0|27.0|27.0|27.0|27.0|27.0|27.0|27.0|27.0|27.0|27.0|27.0|27.0|28.0|28.0|28.0|28.0|28.0|28.0|28.0|28.0|28.0|28.0|28.0|28.0|28.0|28.0|28.0|28.0|28.0|28.0|28.0|28.0|28.0|28.0|28.0|28.0|28.0|28.0|28.0|28.0|28.0|28.0|28.0|28.0|28.0|28.0|28.0
penalty_swap,penalty,swap,18,100,100,5,10,70,218,10218,10100,28,5,100.0,0|0|1|0|0|0|0|0|0|1|0|0|1|0|0|0|1|0|0|0|0|1|0|0|0|0|0|0|0|0,28,0|0|0|0|1|0|0|1|0|0|0|0|0|0|0|0|1|0|0|0|0|0|0|0|0|0|1|0|0|1,26.0|26.0|26.0|28.0|28.0|28.0|28.0|28.0|28.0|28.0|28.0|28.0|28.0|28.0|28.0|28.0|28.0|28.0|28.0|28.0|28.0|28.0|28.0|28.0|28.0|28.0|28.0|28.0|28.0|28.0|28.0|28.0|28.0|28.0|28.0|28.0|28.0|28.0|28.0|28.0|28.0|28.0|28.0|28.0|28.0|28.0|28.0|28.0|28.0|28.0|28.0|28.0|28.0|28.0|28.0|28.0|28.0|28.0|28.0|28.0|28.0|28.0|28.0|28.0|28.0|28.0|28.0|28.0|28.0|28.0|28.0|28.0|28.0|28.0|28.0|28.0|28.0|28.0|28.0|28.0|28.0|28.0|28.0|28.0|28.0|28.0|28.0|28.0|28.0|28.0|28.0|28.0|28.0|28.0|28.0|28.0|28.0|28.0|28.0|28.0|28.0
penalty_swap,penalty,swap,19,100,100,5,10,70,219,10219,10100,27,5,97.0,0|1|0|0|1|0|0|0|0|0|0|0|0|1|0|0|1|0|0|0|0|0|0|1|0|0|0|0|0|0,28,0|0|0|0|1|0|0|1|0|0|0|0|0|0|0|1|0|0|0|0|0|1|0|0|0|0|1|0|0|0,25.0|25.0|25.0|27.0|27.0|27.0|27.0|27.0|27.0|27.0|27.0|27.0|27.0|27.0|27.0|27.0|27.0|27.0|27.0|27.0|27.0|27.0|27.0|27.0|27.0|27.0|27.0|27.0|27.0|27.0|27.0|27.0|27.0|27.0|27.0|27.0|27.0|27.0|27.0|27.0|27.0|27.0|27.0|27.0|27.0|27.0|27.0|27.0|27.0|27.0|27.0|27.0|27.0|27.0|27.0|27.0|27.0|27.0|27.0|27.0|27.0|27.0|27.0|27.0|27.0|27.0|27.0|27.0|27.0|27.0|27.0|27.0|27.0|27.0|27.0|27.0|27.0|27.0|27.0|27.0|27.0|27.0|27.0|27.0|27.0|27.0|27.0|27.0|27.0|27.0|27.0|27.0|27.0|27.0|27.0|27.0|27.0|27.0|27.0|27.0|27.0
penalty_swap,penalty,swap,20,100,100,5,10,70,220,10220,10100,28,5,100.0,0|0|0|0|1|0|0|1|0|0|0|1|0|0|0|0|0|0|0|1|0|0|0|0|0|0|1|0|0|0,28,0|0|0|0|1|0|0|1|0|0|0|1|0|0|0|1|0|0|0|0|0|0|0|0|0|0|1|0|0|0,25.0|25.0|25.0|25.0|25.0|26.0|26.0|26.0|26.0|26.0|26.0|26.0|26.0|26.0|26.0|26.0|27.0|27.0|27.0|27.0|27.0|27.0|27.0|28.0|28.0|28.0|28.0|28.0|28.0|28.0|28.0|28.0|28.0|28.0|28.0|28.0|28.0|28.0|28.0|28.0|28.0|28.0|28.0|28.0|28.0|28.0|28.0|28.0|28.0|28.0|28.0|28.0|28.0|28.0|28.0|28.0|28.0|28.0|28.0|28.0|28.0|28.0|28.0|28.0|28.0|28.0|28.0|28.0|28.0|28.0|28.0|28.0|28.0|28.0|28.0|28.0|28.0|28.0|28.0|28.0|28.0|28.0|28.0|28.0|28.0|28.0|28.0|28.0|28.0|28.0|28.0|28.0|28.0|28.0|28.0|28.0|28.0|28.0|28.0|28.0|28.0
